food_id,estimate_id,name,level,reason,policy_version,scope,missing_fields
FC000022,EST_PEANUT_SUGAR_V1,"Peanut, roasted",Low,"Modeled recipe, cooking yield or food proxy; actual composition and serving may differ.",1.0,Reference evidence and completeness; not an accuracy percentage or guarantee for your meal.,
FC000147,EST_CANTON_YIELD_V1,"Canton noodles, cooked in water, 2.5x dry-weight yield (estimate)",Low,"Modeled recipe, cooking yield or food proxy; actual composition and serving may differ.",1.0,Reference evidence and completeness; not an accuracy percentage or guarantee for your meal.,
FC001260,EST_PH_DISH_001_V1,"Adobong manok, white meat (recipe estimate)",Low,"Modeled recipe, cooking yield or food proxy; actual composition and serving may differ.",1.0,Reference evidence and completeness; not an accuracy percentage or guarantee for your meal.,cholesterol_mg_100g
FC001261,EST_PH_DISH_002_V1,"Adobong baboy, pork belly (recipe estimate)",Low,"Modeled recipe, cooking yield or food proxy; actual composition and serving may differ.",1.0,Reference evidence and completeness; not an accuracy percentage or guarantee for your meal.,
FC001262,EST_PH_DISH_003_V1,"Adobong baboy, lean shoulder (recipe estimate)",Low,"Modeled recipe, cooking yield or food proxy; actual composition and serving may differ.",1.0,Reference evidence and completeness; not an accuracy percentage or guarantee for your meal.,cholesterol_mg_100g
FC001263,EST_PH_DISH_004_V1,"Adobong manok at baboy, white meat and belly (recipe estimate)",Low,"Modeled recipe, cooking yield or food proxy; actual composition and serving may differ.",1.0,Reference evidence and completeness; not an accuracy percentage or guarantee for your meal.,cholesterol_mg_100g
FC001264,EST_PH_DISH_005_V1,"Adobong pusit, no ink (recipe estimate)",Low,"Modeled recipe, cooking yield or food proxy; actual composition and serving may differ.",1.0,Reference evidence and completeness; not an accuracy percentage or guarantee for your meal.,cholesterol_mg_100g
FC001265,EST_PH_DISH_006_V1,"Adobong kangkong, leaves (recipe estimate)",Low,"Modeled recipe, cooking yield or food proxy; actual composition and serving may differ.",1.0,Reference evidence and completeness; not an accuracy percentage or guarantee for your meal.,
FC001266,EST_PH_DISH_007_V1,"Adobong sitaw, with lean pork (recipe estimate)",Low,"Modeled recipe, cooking yield or food proxy; actual composition and serving may differ.",1.0,Reference evidence and completeness; not an accuracy percentage or guarantee for your meal.,sugar_g_100g;cholesterol_mg_100g
FC001267,EST_PH_DISH_008_V1,"Tinolang manok, white meat, sayote and malunggay (recipe estimate)",Low,"Modeled recipe, cooking yield or food proxy; actual composition and serving may differ.",1.0,Reference evidence and completeness; not an accuracy percentage or guarantee for your meal.,sugar_g_100g;cholesterol_mg_100g
FC001268,EST_PH_DISH_009_V1,"Tinolang manok, white meat, sayote, no added oil (recipe estimate)",Low,"Modeled recipe, cooking yield or food proxy; actual composition and serving may differ.",1.0,Reference evidence and completeness; not an accuracy percentage or guarantee for your meal.,sugar_g_100g;cholesterol_mg_100g
FC001269,EST_PH_DISH_010_V1,"Sinigang na baboy, belly, tamarind and vegetables (recipe estimate)",Low,"Modeled recipe, cooking yield or food proxy; actual composition and serving may differ.",1.0,Reference evidence and completeness; not an accuracy percentage or guarantee for your meal.,fiber_g_100g;sugar_g_100g;sodium_mg_100g
FC001270,EST_PH_DISH_011_V1,"Sinigang na baboy, lean shoulder, tamarind and vegetables (recipe estimate)",Low,"Modeled recipe, cooking yield or food proxy; actual composition and serving may differ.",1.0,Reference evidence and completeness; not an accuracy percentage or guarantee for your meal.,fiber_g_100g;sugar_g_100g;sodium_mg_100g;cholesterol_mg_100g
FC001271,EST_PH_DISH_012_V1,"Sinigang na hipon, peeled shrimp and tamarind (recipe estimate)",Low,"Modeled recipe, cooking yield or food proxy; actual composition and serving may differ.",1.0,Reference evidence and completeness; not an accuracy percentage or guarantee for your meal.,fiber_g_100g;sugar_g_100g;sodium_mg_100g;cholesterol_mg_100g
FC001272,EST_PH_DISH_013_V1,"Nilagang baka, shank, cabbage and potato (recipe estimate)",Low,"Modeled recipe, cooking yield or food proxy; actual composition and serving may differ.",1.0,Reference evidence and completeness; not an accuracy percentage or guarantee for your meal.,sugar_g_100g;cholesterol_mg_100g
FC001273,EST_PH_DISH_014_V1,"Nilagang baboy, lean shoulder and pechay (recipe estimate)",Low,"Modeled recipe, cooking yield or food proxy; actual composition and serving may differ.",1.0,Reference evidence and completeness; not an accuracy percentage or guarantee for your meal.,sugar_g_100g;cholesterol_mg_100g
FC001274,EST_PH_DISH_015_V1,"Ginisang monggo, malunggay, no meat (recipe estimate)",Low,"Modeled recipe, cooking yield or food proxy; actual composition and serving may differ.",1.0,Reference evidence and completeness; not an accuracy percentage or guarantee for your meal.,
FC001275,EST_PH_DISH_016_V1,"Ginisang monggo, pork belly and malunggay (recipe estimate)",Low,"Modeled recipe, cooking yield or food proxy; actual composition and serving may differ.",1.0,Reference evidence and completeness; not an accuracy percentage or guarantee for your meal.,sugar_g_100g
FC001276,EST_PH_DISH_017_V1,"Ginisang monggo, peeled shrimp and malunggay (recipe estimate)",Low,"Modeled recipe, cooking yield or food proxy; actual composition and serving may differ.",1.0,Reference evidence and completeness; not an accuracy percentage or guarantee for your meal.,sugar_g_100g;cholesterol_mg_100g
FC001277,EST_PH_DISH_018_V1,"Ginisang monggo, canned sardines in tomato sauce (recipe estimate)",Low,"Modeled recipe, cooking yield or food proxy; actual composition and serving may differ.",1.0,Reference evidence and completeness; not an accuracy percentage or guarantee for your meal.,
FC001278,EST_PH_DISH_019_V1,"Pinakbet, shrimp paste, no pork (recipe estimate)",Low,"Modeled recipe, cooking yield or food proxy; actual composition and serving may differ.",1.0,Reference evidence and completeness; not an accuracy percentage or guarantee for your meal.,sugar_g_100g
FC001279,EST_PH_DISH_020_V1,"Pinakbet, pork belly and shrimp paste (recipe estimate)",Low,"Modeled recipe, cooking yield or food proxy; actual composition and serving may differ.",1.0,Reference evidence and completeness; not an accuracy percentage or guarantee for your meal.,sugar_g_100g
FC001280,EST_PH_DISH_021_V1,"Ginataang kalabasa at sitaw, no meat (recipe estimate)",Low,"Modeled recipe, cooking yield or food proxy; actual composition and serving may differ.",1.0,Reference evidence and completeness; not an accuracy percentage or guarantee for your meal.,sugar_g_100g
FC001281,EST_PH_DISH_022_V1,"Ginataang kalabasa at sitaw, peeled shrimp (recipe estimate)",Low,"Modeled recipe, cooking yield or food proxy; actual composition and serving may differ.",1.0,Reference evidence and completeness; not an accuracy percentage or guarantee for your meal.,sugar_g_100g;cholesterol_mg_100g
FC001282,EST_PH_DISH_023_V1,"Laing, boiled taro leaves and coconut milk, no meat (recipe estimate)",Low,"Modeled recipe, cooking yield or food proxy; actual composition and serving may differ.",1.0,Reference evidence and completeness; not an accuracy percentage or guarantee for your meal.,sugar_g_100g
FC001283,EST_PH_DISH_024_V1,"Laing, boiled taro leaves, pork belly and coconut milk (recipe estimate)",Low,"Modeled recipe, cooking yield or food proxy; actual composition and serving may differ.",1.0,Reference evidence and completeness; not an accuracy percentage or guarantee for your meal.,sugar_g_100g
FC001284,EST_PH_DISH_025_V1,"Ginisang sayote, white chicken meat (recipe estimate)",Low,"Modeled recipe, cooking yield or food proxy; actual composition and serving may differ.",1.0,Reference evidence and completeness; not an accuracy percentage or guarantee for your meal.,sugar_g_100g;cholesterol_mg_100g
FC001285,EST_PH_DISH_026_V1,"Ginisang sayote, egg (recipe estimate)",Low,"Modeled recipe, cooking yield or food proxy; actual composition and serving may differ.",1.0,Reference evidence and completeness; not an accuracy percentage or guarantee for your meal.,
FC001286,EST_PH_DISH_027_V1,"Ginisang ampalaya, egg and tomato (recipe estimate)",Low,"Modeled recipe, cooking yield or food proxy; actual composition and serving may differ.",1.0,Reference evidence and completeness; not an accuracy percentage or guarantee for your meal.,
FC001287,EST_PH_DISH_028_V1,"Ginisang upo, peeled shrimp (recipe estimate)",Low,"Modeled recipe, cooking yield or food proxy; actual composition and serving may differ.",1.0,Reference evidence and completeness; not an accuracy percentage or guarantee for your meal.,sugar_g_100g;cholesterol_mg_100g
FC001288,EST_PH_DISH_029_V1,"Ginisang pechay, tofu (recipe estimate)",Low,"Modeled recipe, cooking yield or food proxy; actual composition and serving may differ.",1.0,Reference evidence and completeness; not an accuracy percentage or guarantee for your meal.,
FC001289,EST_PH_DISH_030_V1,"Tortang talong, egg, no meat (recipe estimate)",Low,"Modeled recipe, cooking yield or food proxy; actual composition and serving may differ.",1.0,Reference evidence and completeness; not an accuracy percentage or guarantee for your meal.,
FC001290,EST_PH_DISH_031_V1,"Tortang talong, ground pork and egg (recipe estimate)",Low,"Modeled recipe, cooking yield or food proxy; actual composition and serving may differ.",1.0,Reference evidence and completeness; not an accuracy percentage or guarantee for your meal.,
FC001291,EST_PH_DISH_032_V1,"Giniling na baka, 90 percent lean beef, tomato and potato (recipe estimate)",Low,"Modeled recipe, cooking yield or food proxy; actual composition and serving may differ.",1.0,Reference evidence and completeness; not an accuracy percentage or guarantee for your meal.,
FC001292,EST_PH_DISH_033_V1,"Giniling na baboy, tomato and potato (recipe estimate)",Low,"Modeled recipe, cooking yield or food proxy; actual composition and serving may differ.",1.0,Reference evidence and completeness; not an accuracy percentage or guarantee for your meal.,
FC001293,EST_PH_DISH_034_V1,"Menudong baboy, lean shoulder and liver (recipe estimate)",Low,"Modeled recipe, cooking yield or food proxy; actual composition and serving may differ.",1.0,Reference evidence and completeness; not an accuracy percentage or guarantee for your meal.,cholesterol_mg_100g
FC001294,EST_PH_DISH_035_V1,"Afritadang manok, white meat (recipe estimate)",Low,"Modeled recipe, cooking yield or food proxy; actual composition and serving may differ.",1.0,Reference evidence and completeness; not an accuracy percentage or guarantee for your meal.,sugar_g_100g;cholesterol_mg_100g
FC001295,EST_PH_DISH_036_V1,"Afritadang baboy, lean shoulder (recipe estimate)",Low,"Modeled recipe, cooking yield or food proxy; actual composition and serving may differ.",1.0,Reference evidence and completeness; not an accuracy percentage or guarantee for your meal.,sugar_g_100g;cholesterol_mg_100g
FC001296,EST_PH_DISH_037_V1,"Mechadong baka, lean chuck, unlarded (recipe estimate)",Low,"Modeled recipe, cooking yield or food proxy; actual composition and serving may differ.",1.0,Reference evidence and completeness; not an accuracy percentage or guarantee for your meal.,
FC001297,EST_PH_DISH_038_V1,"Kalderetang baka, lean chuck, pork liver and cheese (recipe estimate)",Low,"Modeled recipe, cooking yield or food proxy; actual composition and serving may differ.",1.0,Reference evidence and completeness; not an accuracy percentage or guarantee for your meal.,sugar_g_100g
FC001298,EST_PH_DISH_039_V1,"Kare-kare, lean beef and tripe, peanut, no bagoong on side (recipe estimate)",Low,"Modeled recipe, cooking yield or food proxy; actual composition and serving may differ.",1.0,Reference evidence and completeness; not an accuracy percentage or guarantee for your meal.,sugar_g_100g
FC001299,EST_PH_DISH_040_V1,"Bicol Express, pork belly, coconut milk and shrimp paste (recipe estimate)",Low,"Modeled recipe, cooking yield or food proxy; actual composition and serving may differ.",1.0,Reference evidence and completeness; not an accuracy percentage or guarantee for your meal.,sugar_g_100g
FC001300,EST_PH_DISH_041_V1,"Pancit bihon, white chicken meat and vegetables (recipe estimate)",Low,"Modeled recipe, cooking yield or food proxy; actual composition and serving may differ.",1.0,Reference evidence and completeness; not an accuracy percentage or guarantee for your meal.,cholesterol_mg_100g
FC001301,EST_PH_DISH_042_V1,"Pancit bihon, peeled shrimp and vegetables (recipe estimate)",Low,"Modeled recipe, cooking yield or food proxy; actual composition and serving may differ.",1.0,Reference evidence and completeness; not an accuracy percentage or guarantee for your meal.,cholesterol_mg_100g
FC001302,EST_PH_DISH_043_V1,"Pancit sotanghon, white chicken meat and vegetables (recipe estimate)",Low,"Modeled recipe, cooking yield or food proxy; actual composition and serving may differ.",1.0,Reference evidence and completeness; not an accuracy percentage or guarantee for your meal.,cholesterol_mg_100g
FC001303,EST_PH_DISH_044_V1,"Pancit miki, lean pork and vegetables (recipe estimate)",Low,"Modeled recipe, cooking yield or food proxy; actual composition and serving may differ.",1.0,Reference evidence and completeness; not an accuracy percentage or guarantee for your meal.,cholesterol_mg_100g
FC001304,EST_PH_DISH_045_V1,"Arroz caldo, white chicken meat and ginger (recipe estimate)",Low,"Modeled recipe, cooking yield or food proxy; actual composition and serving may differ.",1.0,Reference evidence and completeness; not an accuracy percentage or guarantee for your meal.,sugar_g_100g;cholesterol_mg_100g
FC001305,EST_PH_DISH_046_V1,"Goto, beef tripe and ginger (recipe estimate)",Low,"Modeled recipe, cooking yield or food proxy; actual composition and serving may differ.",1.0,Reference evidence and completeness; not an accuracy percentage or guarantee for your meal.,sugar_g_100g
FC001306,EST_PH_DISH_047_V1,"Lugaw, plain rice, ginger, no meat (recipe estimate)",Low,"Modeled recipe, cooking yield or food proxy; actual composition and serving may differ.",1.0,Reference evidence and completeness; not an accuracy percentage or guarantee for your meal.,
FC001307,EST_PH_DISH_048_V1,"Tokwat baboy, tofu and lean pork, vinegar soy dressing (recipe estimate)",Low,"Modeled recipe, cooking yield or food proxy; actual composition and serving may differ.",1.0,Reference evidence and completeness; not an accuracy percentage or guarantee for your meal.,cholesterol_mg_100g
FC001308,EST_PH_DISH_049_V1,"Bangsilog, broiled bangus, fried rice and egg (recipe estimate)",Low,"Modeled recipe, cooking yield or food proxy; actual composition and serving may differ.",1.0,Reference evidence and completeness; not an accuracy percentage or guarantee for your meal.,
FC001309,EST_PH_DISH_050_V1,"Chicksilog, fried white chicken, fried rice and egg (recipe estimate)",Low,"Modeled recipe, cooking yield or food proxy; actual composition and serving may differ.",1.0,Reference evidence and completeness; not an accuracy percentage or guarantee for your meal.,
FC001791,EST_PERSONAL_001_V1,"Athlene ACTIVE Pure Isolate, Chocolate, dry powder (estimate)",Medium,"Manufacturer values; serving gram unit inferred, not printed.",1.0,Reference evidence and completeness; not an accuracy percentage or guarantee for your meal.,fiber_g_100g
FC001792,EST_PERSONAL_002_V1,"Athlene ACTIVE Pure Isolate, Strawberry Milkshake, dry powder (estimate)",Medium,"Manufacturer values; serving gram unit inferred, not printed.",1.0,Reference evidence and completeness; not an accuracy percentage or guarantee for your meal.,fiber_g_100g
FC001793,EST_PERSONAL_003_V1,"Seared sirloin steak, 100 g pan-fried meat plus 5 g butter (estimate)",Low,"Modeled recipe, cooking yield or food proxy; actual composition and serving may differ.",1.0,Reference evidence and completeness; not an accuracy percentage or guarantee for your meal.,
FC001794,EST_PERSONAL_004_V1,"Seared Atlantic farmed salmon, 100 g cooked fish plus 5 g oil (estimate)",Low,"Modeled recipe, cooking yield or food proxy; actual composition and serving may differ.",1.0,Reference evidence and completeness; not an accuracy percentage or guarantee for your meal.,
FC001795,EST_PERSONAL_005_V1,"Seared blue marlin, fresh-fish yield model with oil (estimate)",Low,"Modeled recipe, cooking yield or food proxy; actual composition and serving may differ.",1.0,Reference evidence and completeness; not an accuracy percentage or guarantee for your meal.,
FC001796,EST_PERSONAL_006_V1,"Home-fried chicken Pinoy-style, white meat, soy-calamansi (estimate)",Low,"Modeled recipe, cooking yield or food proxy; actual composition and serving may differ.",1.0,Reference evidence and completeness; not an accuracy percentage or guarantee for your meal.,
FC001797,EST_PERSONAL_007_V1,"Home-fried chicken Pinoy-style, flour-coated meat and skin (estimate)",Low,"Modeled recipe, cooking yield or food proxy; actual composition and serving may differ.",1.0,Reference evidence and completeness; not an accuracy percentage or guarantee for your meal.,
FC001798,EST_PERSONAL_008_V1,"Chooks-to-Go Sweet Roast, edible meat and skin, no extra sauce (estimate)",Low,"Modeled recipe, cooking yield or food proxy; actual composition and serving may differ.",1.0,Reference evidence and completeness; not an accuracy percentage or guarantee for your meal.,
FC001799,EST_PERSONAL_009_V1,"Chooks-to-Go Pepper Roast, edible meat and skin, no extra sauce (estimate)",Low,"Modeled recipe, cooking yield or food proxy; actual composition and serving may differ.",1.0,Reference evidence and completeness; not an accuracy percentage or guarantee for your meal.,
FC001800,EST_PERSONAL_010_V1,"Kenny Rogers Philippines Classic Roasted Chicken, edible meat and skin (estimate)",Low,"Modeled recipe, cooking yield or food proxy; actual composition and serving may differ.",1.0,Reference evidence and completeness; not an accuracy percentage or guarantee for your meal.,
FC001801,EST_PERSONAL_011_V1,"Kenny Rogers Philippines Classic Roasted Chicken, skin and visible fat removed (estimate)",Low,"Modeled recipe, cooking yield or food proxy; actual composition and serving may differ.",1.0,Reference evidence and completeness; not an accuracy percentage or guarantee for your meal.,
FC001802,EST_PERSONAL_012_V1,"Kenny Rogers Philippines Grilled Salmon, fish and lemon-butter-style sauce only (estimate)",Low,"Modeled recipe, cooking yield or food proxy; actual composition and serving may differ.",1.0,Reference evidence and completeness; not an accuracy percentage or guarantee for your meal.,
FC001803,EST_PERSONAL_013_V1,"Kenny Rogers Philippines Burger Steak, patty and mushroom gravy only (estimate)",Low,"Modeled recipe, cooking yield or food proxy; actual composition and serving may differ.",1.0,Reference evidence and completeness; not an accuracy percentage or guarantee for your meal.,sugar_g_100g
FC001804,EST_PERSONAL_014_V1,Kenny Rogers Philippines Spinach Mashed Potato side (estimate),Low,"Modeled recipe, cooking yield or food proxy; actual composition and serving may differ.",1.0,Reference evidence and completeness; not an accuracy percentage or guarantee for your meal.,
FC001805,EST_PERSONAL_015_V1,Kenny Rogers Philippines Macaroni and Cheese side (estimate),Low,"Modeled recipe, cooking yield or food proxy; actual composition and serving may differ.",1.0,Reference evidence and completeness; not an accuracy percentage or guarantee for your meal.,
FC001806,EST_PERSONAL_016_V1,Kenny Rogers Philippines Corn and Carrots side (estimate),Low,"Modeled recipe, cooking yield or food proxy; actual composition and serving may differ.",1.0,Reference evidence and completeness; not an accuracy percentage or guarantee for your meal.,
FC001807,EST_PERSONAL_017_V1,Kenny Rogers Philippines Steamed Vegetables side (estimate),Low,"Modeled recipe, cooking yield or food proxy; actual composition and serving may differ.",1.0,Reference evidence and completeness; not an accuracy percentage or guarantee for your meal.,
FC001808,EST_PERSONAL_018_V1,Kenny Rogers Philippines Coleslaw side (estimate),Low,"Modeled recipe, cooking yield or food proxy; actual composition and serving may differ.",1.0,Reference evidence and completeness; not an accuracy percentage or guarantee for your meal.,
FC001809,EST_PERSONAL_019_V1,Kenny Rogers Philippines Corn Muffin (estimate),Low,"Modeled recipe, cooking yield or food proxy; actual composition and serving may differ.",1.0,Reference evidence and completeness; not an accuracy percentage or guarantee for your meal.,sugar_g_100g
FC002210,EST_PH_RESTAURANT_001_V1,"Jollibee Philippines Chickenjoy, original, edible chicken only (estimate)",Low,"Modeled recipe, cooking yield or food proxy; actual composition and serving may differ.",1.0,Reference evidence and completeness; not an accuracy percentage or guarantee for your meal.,
FC002211,EST_PH_RESTAURANT_002_V1,"Jollibee Philippines Chickenjoy, spicy, edible chicken only (estimate)",Low,"Modeled recipe, cooking yield or food proxy; actual composition and serving may differ.",1.0,Reference evidence and completeness; not an accuracy percentage or guarantee for your meal.,
FC002212,EST_PH_RESTAURANT_003_V1,"Jollibee Philippines Yumburger, sandwich only (estimate)",Low,"Modeled recipe, cooking yield or food proxy; actual composition and serving may differ.",1.0,Reference evidence and completeness; not an accuracy percentage or guarantee for your meal.,
FC002213,EST_PH_RESTAURANT_004_V1,"Jollibee Philippines Cheesy Yumburger, sandwich only (estimate)",Low,"Modeled recipe, cooking yield or food proxy; actual composition and serving may differ.",1.0,Reference evidence and completeness; not an accuracy percentage or guarantee for your meal.,
FC002214,EST_PH_RESTAURANT_005_V1,"Jollibee Philippines Double Cheesy Yumburger, sandwich only (estimate)",Low,"Modeled recipe, cooking yield or food proxy; actual composition and serving may differ.",1.0,Reference evidence and completeness; not an accuracy percentage or guarantee for your meal.,
FC002215,EST_PH_RESTAURANT_006_V1,"Jollibee Philippines Bacon Cheesy Yumburger, sandwich only (estimate)",Low,"Modeled recipe, cooking yield or food proxy; actual composition and serving may differ.",1.0,Reference evidence and completeness; not an accuracy percentage or guarantee for your meal.,
FC002216,EST_PH_RESTAURANT_007_V1,"Jollibee Philippines Champ, sandwich only (estimate)",Low,"Modeled recipe, cooking yield or food proxy; actual composition and serving may differ.",1.0,Reference evidence and completeness; not an accuracy percentage or guarantee for your meal.,
FC002217,EST_PH_RESTAURANT_008_V1,"Jollibee Philippines Champ Jr., sandwich only (estimate)",Low,"Modeled recipe, cooking yield or food proxy; actual composition and serving may differ.",1.0,Reference evidence and completeness; not an accuracy percentage or guarantee for your meal.,
FC002218,EST_PH_RESTAURANT_009_V1,"Jollibee Philippines Amazing Aloha Champ Jr., sandwich only (estimate)",Low,"Modeled recipe, cooking yield or food proxy; actual composition and serving may differ.",1.0,Reference evidence and completeness; not an accuracy percentage or guarantee for your meal.,
FC002219,EST_PH_RESTAURANT_010_V1,"Jollibee Philippines Jolly Spaghetti, pasta and sauce only (estimate)",Low,"Modeled recipe, cooking yield or food proxy; actual composition and serving may differ.",1.0,Reference evidence and completeness; not an accuracy percentage or guarantee for your meal.,
FC002220,EST_PH_RESTAURANT_011_V1,"Jollibee Philippines Palabok, noodles and toppings only (estimate)",Low,"Modeled recipe, cooking yield or food proxy; actual composition and serving may differ.",1.0,Reference evidence and completeness; not an accuracy percentage or guarantee for your meal.,cholesterol_mg_100g
FC002221,EST_PH_RESTAURANT_012_V1,"Jollibee Philippines Burger Steak, patty and gravy only (estimate)",Low,"Modeled recipe, cooking yield or food proxy; actual composition and serving may differ.",1.0,Reference evidence and completeness; not an accuracy percentage or guarantee for your meal.,sugar_g_100g
FC002222,EST_PH_RESTAURANT_013_V1,"Jollibee Philippines Pepper Cream Chicken Fillet, fillet and sauce only (estimate)",Low,"Modeled recipe, cooking yield or food proxy; actual composition and serving may differ.",1.0,Reference evidence and completeness; not an accuracy percentage or guarantee for your meal.,cholesterol_mg_100g
FC002223,EST_PH_RESTAURANT_014_V1,"Jollibee Philippines Crunchy Chicken Sandwich, sandwich only (estimate)",Low,"Modeled recipe, cooking yield or food proxy; actual composition and serving may differ.",1.0,Reference evidence and completeness; not an accuracy percentage or guarantee for your meal.,
FC002224,EST_PH_RESTAURANT_015_V1,"Jollibee Philippines Cheesy Classic Jolly Hotdog, sandwich only (estimate)",Low,"Modeled recipe, cooking yield or food proxy; actual composition and serving may differ.",1.0,Reference evidence and completeness; not an accuracy percentage or guarantee for your meal.,
FC002225,EST_PH_RESTAURANT_016_V1,Jollibee Philippines Peach Mango Pie (estimate),Low,"Modeled recipe, cooking yield or food proxy; actual composition and serving may differ.",1.0,Reference evidence and completeness; not an accuracy percentage or guarantee for your meal.,
FC002226,EST_PH_RESTAURANT_017_V1,"Jollibee Philippines Chicken Nuggets, no dipping sauce (estimate)",Low,"Modeled recipe, cooking yield or food proxy; actual composition and serving may differ.",1.0,Reference evidence and completeness; not an accuracy percentage or guarantee for your meal.,
FC002227,EST_PH_RESTAURANT_018_V1,"Jollibee Philippines Jolly Crispy Fries, no dipping sauce (estimate)",Low,"Modeled recipe, cooking yield or food proxy; actual composition and serving may differ.",1.0,Reference evidence and completeness; not an accuracy percentage or guarantee for your meal.,
FC002228,EST_PH_RESTAURANT_019_V1,Jollibee Philippines Mashed Potato with gravy (estimate),Low,"Modeled recipe, cooking yield or food proxy; actual composition and serving may differ.",1.0,Reference evidence and completeness; not an accuracy percentage or guarantee for your meal.,sugar_g_100g
FC002229,EST_PH_RESTAURANT_020_V1,Jollibee Philippines Chicken Macaroni Soup (estimate),Low,"Modeled recipe, cooking yield or food proxy; actual composition and serving may differ.",1.0,Reference evidence and completeness; not an accuracy percentage or guarantee for your meal.,cholesterol_mg_100g
FC002230,EST_PH_RESTAURANT_021_V1,Jollibee Philippines Chocolate Sundae (estimate),Low,"Modeled recipe, cooking yield or food proxy; actual composition and serving may differ.",1.0,Reference evidence and completeness; not an accuracy percentage or guarantee for your meal.,
FC002231,EST_PH_RESTAURANT_022_V1,Jollibee Philippines Cookies and Cream Sundae (estimate),Low,"Modeled recipe, cooking yield or food proxy; actual composition and serving may differ.",1.0,Reference evidence and completeness; not an accuracy percentage or guarantee for your meal.,
FC002232,EST_PH_RESTAURANT_023_V1,"Jollibee Philippines Iced Latte, modeled milk-coffee mixture (estimate)",Low,"Modeled recipe, cooking yield or food proxy; actual composition and serving may differ.",1.0,Reference evidence and completeness; not an accuracy percentage or guarantee for your meal.,
FC002233,EST_PH_RESTAURANT_024_V1,"Jollibee Philippines Iced Mocha, modeled milk-coffee mixture (estimate)",Low,"Modeled recipe, cooking yield or food proxy; actual composition and serving may differ.",1.0,Reference evidence and completeness; not an accuracy percentage or guarantee for your meal.,
FC002234,EST_PH_RESTAURANT_025_V1,"Jollibee Philippines Iced Caramel, modeled milk-coffee mixture (estimate)",Low,"Modeled recipe, cooking yield or food proxy; actual composition and serving may differ.",1.0,Reference evidence and completeness; not an accuracy percentage or guarantee for your meal.,
FC002235,EST_PH_RESTAURANT_026_V1,"McDonald's Philippines Hamburger, sandwich only (estimate)",Low,"Modeled recipe, cooking yield or food proxy; actual composition and serving may differ.",1.0,Reference evidence and completeness; not an accuracy percentage or guarantee for your meal.,
FC002236,EST_PH_RESTAURANT_027_V1,"McDonald's Philippines Cheeseburger, sandwich only (estimate)",Low,"Modeled recipe, cooking yield or food proxy; actual composition and serving may differ.",1.0,Reference evidence and completeness; not an accuracy percentage or guarantee for your meal.,
FC002237,EST_PH_RESTAURANT_028_V1,"McDonald's Philippines Big Mac, sandwich only (estimate)",Low,"Modeled recipe, cooking yield or food proxy; actual composition and serving may differ.",1.0,Reference evidence and completeness; not an accuracy percentage or guarantee for your meal.,
FC002238,EST_PH_RESTAURANT_029_V1,"McDonald's Philippines Quarter Pounder with Cheese, sandwich only (estimate)",Low,"Modeled recipe, cooking yield or food proxy; actual composition and serving may differ.",1.0,Reference evidence and completeness; not an accuracy percentage or guarantee for your meal.,
FC002239,EST_PH_RESTAURANT_030_V1,"McDonald's Philippines Burger McDo, sandwich only (estimate)",Low,"Modeled recipe, cooking yield or food proxy; actual composition and serving may differ.",1.0,Reference evidence and completeness; not an accuracy percentage or guarantee for your meal.,
FC002240,EST_PH_RESTAURANT_031_V1,"McDonald's Philippines Cheesy Burger McDo, sandwich only (estimate)",Low,"Modeled recipe, cooking yield or food proxy; actual composition and serving may differ.",1.0,Reference evidence and completeness; not an accuracy percentage or guarantee for your meal.,
FC002241,EST_PH_RESTAURANT_032_V1,"McDonald's Philippines Crispy Chicken Sandwich, sandwich only (estimate)",Low,"Modeled recipe, cooking yield or food proxy; actual composition and serving may differ.",1.0,Reference evidence and completeness; not an accuracy percentage or guarantee for your meal.,
FC002242,EST_PH_RESTAURANT_033_V1,"McDonald's Philippines Chicken McDo, edible chicken only (estimate)",Low,"Modeled recipe, cooking yield or food proxy; actual composition and serving may differ.",1.0,Reference evidence and completeness; not an accuracy percentage or guarantee for your meal.,
FC002243,EST_PH_RESTAURANT_034_V1,"McDonald's Philippines Crispy Chicken Fillet, fillet only (estimate)",Low,"Modeled recipe, cooking yield or food proxy; actual composition and serving may differ.",1.0,Reference evidence and completeness; not an accuracy percentage or guarantee for your meal.,
FC002244,EST_PH_RESTAURANT_035_V1,"McDonald's Philippines Crispy Chicken Fillet Ala King, fillet and sauce only (estimate)",Low,"Modeled recipe, cooking yield or food proxy; actual composition and serving may differ.",1.0,Reference evidence and completeness; not an accuracy percentage or guarantee for your meal.,cholesterol_mg_100g
FC002245,EST_PH_RESTAURANT_036_V1,"McDonald's Philippines Mushroom Pepper Steak, patty and sauce only (estimate)",Low,"Modeled recipe, cooking yield or food proxy; actual composition and serving may differ.",1.0,Reference evidence and completeness; not an accuracy percentage or guarantee for your meal.,sugar_g_100g
FC002246,EST_PH_RESTAURANT_037_V1,"McDonald's Philippines Chicken McNuggets, without dip (estimate)",Low,"Modeled recipe, cooking yield or food proxy; actual composition and serving may differ.",1.0,Reference evidence and completeness; not an accuracy percentage or guarantee for your meal.,
FC002247,EST_PH_RESTAURANT_038_V1,"McDonald's Philippines Fries, without dip (estimate)",Low,"Modeled recipe, cooking yield or food proxy; actual composition and serving may differ.",1.0,Reference evidence and completeness; not an accuracy percentage or guarantee for your meal.,
FC002248,EST_PH_RESTAURANT_039_V1,McDonald's Philippines Hash Browns (estimate),Low,"Modeled recipe, cooking yield or food proxy; actual composition and serving may differ.",1.0,Reference evidence and completeness; not an accuracy percentage or guarantee for your meal.,cholesterol_mg_100g
FC002249,EST_PH_RESTAURANT_040_V1,"McDonald's Philippines Hotcakes, without syrup or butter (estimate)",Low,"Modeled recipe, cooking yield or food proxy; actual composition and serving may differ.",1.0,Reference evidence and completeness; not an accuracy percentage or guarantee for your meal.,
FC002250,EST_PH_RESTAURANT_041_V1,"McDonald's Philippines Sausage McMuffin, sandwich only (estimate)",Low,"Modeled recipe, cooking yield or food proxy; actual composition and serving may differ.",1.0,Reference evidence and completeness; not an accuracy percentage or guarantee for your meal.,
FC002251,EST_PH_RESTAURANT_042_V1,"McDonald's Philippines Sausage McMuffin with Egg, sandwich only (estimate)",Low,"Modeled recipe, cooking yield or food proxy; actual composition and serving may differ.",1.0,Reference evidence and completeness; not an accuracy percentage or guarantee for your meal.,
FC002252,EST_PH_RESTAURANT_043_V1,"McDonald's Philippines Cheesy Eggdesal, sandwich only (estimate)",Low,"Modeled recipe, cooking yield or food proxy; actual composition and serving may differ.",1.0,Reference evidence and completeness; not an accuracy percentage or guarantee for your meal.,
FC002253,EST_PH_RESTAURANT_044_V1,"McDonald's Philippines Cheesy Eggdesal with Sausage, sandwich only (estimate)",Low,"Modeled recipe, cooking yield or food proxy; actual composition and serving may differ.",1.0,Reference evidence and completeness; not an accuracy percentage or guarantee for your meal.,
FC002254,EST_PH_RESTAURANT_045_V1,McDonald's Philippines Plain Sundae (estimate),Low,"Modeled recipe, cooking yield or food proxy; actual composition and serving may differ.",1.0,Reference evidence and completeness; not an accuracy percentage or guarantee for your meal.,
FC002255,EST_PH_RESTAURANT_046_V1,McDonald's Philippines Hot Fudge Sundae (estimate),Low,"Modeled recipe, cooking yield or food proxy; actual composition and serving may differ.",1.0,Reference evidence and completeness; not an accuracy percentage or guarantee for your meal.,
FC002256,EST_PH_RESTAURANT_047_V1,McDonald's Philippines Hot Caramel Sundae (estimate),Low,"Modeled recipe, cooking yield or food proxy; actual composition and serving may differ.",1.0,Reference evidence and completeness; not an accuracy percentage or guarantee for your meal.,
FC002257,EST_PH_RESTAURANT_048_V1,McDonald's Philippines McFlurry with Oreo (estimate),Low,"Modeled recipe, cooking yield or food proxy; actual composition and serving may differ.",1.0,Reference evidence and completeness; not an accuracy percentage or guarantee for your meal.,
FC002258,EST_PH_RESTAURANT_049_V1,McDonald's Philippines McFlurry Strawberry with Oreo (estimate),Low,"Modeled recipe, cooking yield or food proxy; actual composition and serving may differ.",1.0,Reference evidence and completeness; not an accuracy percentage or guarantee for your meal.,
FC002259,EST_PH_RESTAURANT_050_V1,McDonald's Philippines McCafe Coffee McFloat (estimate),Low,"Modeled recipe, cooking yield or food proxy; actual composition and serving may differ.",1.0,Reference evidence and completeness; not an accuracy percentage or guarantee for your meal.,
FC002260,EST_PH_RESTAURANT_051_V1,"KFC Philippines Original Recipe Chicken, edible chicken only (estimate)",Low,"Modeled recipe, cooking yield or food proxy; actual composition and serving may differ.",1.0,Reference evidence and completeness; not an accuracy percentage or guarantee for your meal.,
FC002261,EST_PH_RESTAURANT_052_V1,"KFC Philippines Zinger Burger, sandwich only (estimate)",Low,"Modeled recipe, cooking yield or food proxy; actual composition and serving may differ.",1.0,Reference evidence and completeness; not an accuracy percentage or guarantee for your meal.,
FC002262,EST_PH_RESTAURANT_053_V1,"KFC Philippines Chicken Burger, sandwich only (estimate)",Low,"Modeled recipe, cooking yield or food proxy; actual composition and serving may differ.",1.0,Reference evidence and completeness; not an accuracy percentage or guarantee for your meal.,
FC002263,EST_PH_RESTAURANT_054_V1,"KFC Philippines Flavor Shots, chicken bites only (estimate)",Low,"Modeled recipe, cooking yield or food proxy; actual composition and serving may differ.",1.0,Reference evidence and completeness; not an accuracy percentage or guarantee for your meal.,
FC002264,EST_PH_RESTAURANT_055_V1,KFC Philippines Famous Bowl (estimate),Low,"Modeled recipe, cooking yield or food proxy; actual composition and serving may differ.",1.0,Reference evidence and completeness; not an accuracy percentage or guarantee for your meal.,sugar_g_100g
FC002265,EST_PH_RESTAURANT_056_V1,"KFC Philippines Ala King Zinger Steak, fillet and sauce only (estimate)",Low,"Modeled recipe, cooking yield or food proxy; actual composition and serving may differ.",1.0,Reference evidence and completeness; not an accuracy percentage or guarantee for your meal.,cholesterol_mg_100g
FC002266,EST_PH_RESTAURANT_057_V1,KFC Philippines Ala King Rice Bowl (estimate),Low,"Modeled recipe, cooking yield or food proxy; actual composition and serving may differ.",1.0,Reference evidence and completeness; not an accuracy percentage or guarantee for your meal.,cholesterol_mg_100g
FC002267,EST_PH_RESTAURANT_058_V1,"KFC Philippines Spaghetti, pasta and sauce only (estimate)",Low,"Modeled recipe, cooking yield or food proxy; actual composition and serving may differ.",1.0,Reference evidence and completeness; not an accuracy percentage or guarantee for your meal.,
FC002268,EST_PH_RESTAURANT_059_V1,KFC Philippines Mashed Potato with gravy (estimate),Low,"Modeled recipe, cooking yield or food proxy; actual composition and serving may differ.",1.0,Reference evidence and completeness; not an accuracy percentage or guarantee for your meal.,sugar_g_100g
FC002269,EST_PH_RESTAURANT_060_V1,KFC Philippines Buttered Corn (estimate),Low,"Modeled recipe, cooking yield or food proxy; actual composition and serving may differ.",1.0,Reference evidence and completeness; not an accuracy percentage or guarantee for your meal.,
FC002270,EST_PH_RESTAURANT_061_V1,KFC Philippines Mushroom Soup (estimate),Low,"Modeled recipe, cooking yield or food proxy; actual composition and serving may differ.",1.0,Reference evidence and completeness; not an accuracy percentage or guarantee for your meal.,
FC002271,EST_PH_RESTAURANT_062_V1,"KFC Philippines Zinger Double Down, sandwich only (estimate)",Low,"Modeled recipe, cooking yield or food proxy; actual composition and serving may differ.",1.0,Reference evidence and completeness; not an accuracy percentage or guarantee for your meal.,
FC002272,EST_PH_RESTAURANT_063_V1,"KFC Philippines Original Recipe Double Down, sandwich only (estimate)",Low,"Modeled recipe, cooking yield or food proxy; actual composition and serving may differ.",1.0,Reference evidence and completeness; not an accuracy percentage or guarantee for your meal.,
FC002273,EST_PH_RESTAURANT_064_V1,"KFC Philippines AM Egg Pandesal, sandwich only (estimate)",Low,"Modeled recipe, cooking yield or food proxy; actual composition and serving may differ.",1.0,Reference evidence and completeness; not an accuracy percentage or guarantee for your meal.,
FC002274,EST_PH_RESTAURANT_065_V1,KFC Philippines AM Steak Rice Bowl (estimate),Low,"Modeled recipe, cooking yield or food proxy; actual composition and serving may differ.",1.0,Reference evidence and completeness; not an accuracy percentage or guarantee for your meal.,sugar_g_100g
FC002275,EST_PH_RESTAURANT_066_V1,KFC Philippines AM Cheese Hotdog Rice Bowl (estimate),Low,"Modeled recipe, cooking yield or food proxy; actual composition and serving may differ.",1.0,Reference evidence and completeness; not an accuracy percentage or guarantee for your meal.,
FC002276,EST_PH_RESTAURANT_067_V1,"Mang Inasal Philippines Chicken Inasal Paa, edible chicken only (estimate)",Low,"Modeled recipe, cooking yield or food proxy; actual composition and serving may differ.",1.0,Reference evidence and completeness; not an accuracy percentage or guarantee for your meal.,
FC002277,EST_PH_RESTAURANT_068_V1,"Mang Inasal Philippines Chicken Inasal Pecho, edible chicken only (estimate)",Low,"Modeled recipe, cooking yield or food proxy; actual composition and serving may differ.",1.0,Reference evidence and completeness; not an accuracy percentage or guarantee for your meal.,cholesterol_mg_100g
FC002278,EST_PH_RESTAURANT_069_V1,"Mang Inasal Philippines Pork BBQ, meat only (estimate)",Low,"Modeled recipe, cooking yield or food proxy; actual composition and serving may differ.",1.0,Reference evidence and completeness; not an accuracy percentage or guarantee for your meal.,sugar_g_100g
FC002279,EST_PH_RESTAURANT_070_V1,"Mang Inasal Philippines Spicy Pork BBQ, meat only (estimate)",Low,"Modeled recipe, cooking yield or food proxy; actual composition and serving may differ.",1.0,Reference evidence and completeness; not an accuracy percentage or guarantee for your meal.,sugar_g_100g
FC002280,EST_PH_RESTAURANT_071_V1,"Mang Inasal Philippines Grilled Liempo, meat only (estimate)",Low,"Modeled recipe, cooking yield or food proxy; actual composition and serving may differ.",1.0,Reference evidence and completeness; not an accuracy percentage or guarantee for your meal.,
FC002281,EST_PH_RESTAURANT_072_V1,"Mang Inasal Philippines Sizzling Liempo, meat and assumed sauce only (estimate)",Low,"Modeled recipe, cooking yield or food proxy; actual composition and serving may differ.",1.0,Reference evidence and completeness; not an accuracy percentage or guarantee for your meal.,sugar_g_100g
FC002282,EST_PH_RESTAURANT_073_V1,"Mang Inasal Philippines Pork Sisig, dish only (estimate)",Low,"Modeled recipe, cooking yield or food proxy; actual composition and serving may differ.",1.0,Reference evidence and completeness; not an accuracy percentage or guarantee for your meal.,cholesterol_mg_100g
FC002283,EST_PH_RESTAURANT_074_V1,"Mang Inasal Philippines Bangus Sisig, dish only (estimate)",Low,"Modeled recipe, cooking yield or food proxy; actual composition and serving may differ.",1.0,Reference evidence and completeness; not an accuracy percentage or guarantee for your meal.,
FC002284,EST_PH_RESTAURANT_075_V1,"Mang Inasal Philippines Palabok, noodles and toppings only (estimate)",Low,"Modeled recipe, cooking yield or food proxy; actual composition and serving may differ.",1.0,Reference evidence and completeness; not an accuracy percentage or guarantee for your meal.,cholesterol_mg_100g
FC002285,EST_PH_RESTAURANT_076_V1,"Mang Inasal Philippines Lumpiang Togue, roll only (estimate)",Low,"Modeled recipe, cooking yield or food proxy; actual composition and serving may differ.",1.0,Reference evidence and completeness; not an accuracy percentage or guarantee for your meal.,sugar_g_100g
FC002286,EST_PH_RESTAURANT_077_V1,Mang Inasal Philippines Extra Creamy Halo-Halo (estimate),Low,"Modeled recipe, cooking yield or food proxy; actual composition and serving may differ.",1.0,Reference evidence and completeness; not an accuracy percentage or guarantee for your meal.,fiber_g_100g;sugar_g_100g;sodium_mg_100g;cholesterol_mg_100g
FC002287,EST_PH_RESTAURANT_078_V1,Mang Inasal Philippines Crema de Leche Halo-Halo (estimate),Low,"Modeled recipe, cooking yield or food proxy; actual composition and serving may differ.",1.0,Reference evidence and completeness; not an accuracy percentage or guarantee for your meal.,
FC002288,EST_PH_RESTAURANT_079_V1,"Chowking Philippines Pork Chao Fan, rice only (estimate)",Low,"Modeled recipe, cooking yield or food proxy; actual composition and serving may differ.",1.0,Reference evidence and completeness; not an accuracy percentage or guarantee for your meal.,
FC002289,EST_PH_RESTAURANT_080_V1,"Chowking Philippines Beef Chao Fan, rice only (estimate)",Low,"Modeled recipe, cooking yield or food proxy; actual composition and serving may differ.",1.0,Reference evidence and completeness; not an accuracy percentage or guarantee for your meal.,
FC002290,EST_PH_RESTAURANT_081_V1,"Chowking Philippines Spicy Chao Fan, rice only (estimate)",Low,"Modeled recipe, cooking yield or food proxy; actual composition and serving may differ.",1.0,Reference evidence and completeness; not an accuracy percentage or guarantee for your meal.,
FC002291,EST_PH_RESTAURANT_082_V1,"Chowking Philippines Chinese-Style Fried Chicken, edible chicken only (estimate)",Low,"Modeled recipe, cooking yield or food proxy; actual composition and serving may differ.",1.0,Reference evidence and completeness; not an accuracy percentage or guarantee for your meal.,
FC002292,EST_PH_RESTAURANT_083_V1,Chowking Philippines Chunky Asado Siopao (estimate),Low,"Modeled recipe, cooking yield or food proxy; actual composition and serving may differ.",1.0,Reference evidence and completeness; not an accuracy percentage or guarantee for your meal.,fiber_g_100g;sugar_g_100g;sodium_mg_100g;cholesterol_mg_100g
FC002293,EST_PH_RESTAURANT_084_V1,Chowking Philippines Bola-Bola Siopao (estimate),Low,"Modeled recipe, cooking yield or food proxy; actual composition and serving may differ.",1.0,Reference evidence and completeness; not an accuracy percentage or guarantee for your meal.,fiber_g_100g;sugar_g_100g;sodium_mg_100g;cholesterol_mg_100g
FC002294,EST_PH_RESTAURANT_085_V1,"Chowking Philippines Pork Siomai, no dipping sauce (estimate)",Low,"Modeled recipe, cooking yield or food proxy; actual composition and serving may differ.",1.0,Reference evidence and completeness; not an accuracy percentage or guarantee for your meal.,
FC002295,EST_PH_RESTAURANT_086_V1,"Chowking Philippines Beef Siomai, no dipping sauce (estimate)",Low,"Modeled recipe, cooking yield or food proxy; actual composition and serving may differ.",1.0,Reference evidence and completeness; not an accuracy percentage or guarantee for your meal.,
FC002296,EST_PH_RESTAURANT_087_V1,Chowking Philippines Pancit Canton (estimate),Low,"Modeled recipe, cooking yield or food proxy; actual composition and serving may differ.",1.0,Reference evidence and completeness; not an accuracy percentage or guarantee for your meal.,
FC002297,EST_PH_RESTAURANT_088_V1,Chowking Philippines Wonton Soup (estimate),Low,"Modeled recipe, cooking yield or food proxy; actual composition and serving may differ.",1.0,Reference evidence and completeness; not an accuracy percentage or guarantee for your meal.,
FC002298,EST_PH_RESTAURANT_089_V1,"Chowking Philippines Sweet and Sour Chicken, dish only (estimate)",Low,"Modeled recipe, cooking yield or food proxy; actual composition and serving may differ.",1.0,Reference evidence and completeness; not an accuracy percentage or guarantee for your meal.,
FC002299,EST_PH_RESTAURANT_090_V1,"Chowking Philippines Sweet and Sour Pork, dish only (estimate)",Low,"Modeled recipe, cooking yield or food proxy; actual composition and serving may differ.",1.0,Reference evidence and completeness; not an accuracy percentage or guarantee for your meal.,
FC002300,EST_PH_RESTAURANT_091_V1,Chowking Philippines Halo-Halo Supreme (estimate),Low,"Modeled recipe, cooking yield or food proxy; actual composition and serving may differ.",1.0,Reference evidence and completeness; not an accuracy percentage or guarantee for your meal.,fiber_g_100g;sugar_g_100g;sodium_mg_100g;cholesterol_mg_100g
FC002301,EST_PH_RESTAURANT_092_V1,Chowking Philippines Chicharap (estimate),Low,"Modeled recipe, cooking yield or food proxy; actual composition and serving may differ.",1.0,Reference evidence and completeness; not an accuracy percentage or guarantee for your meal.,
FC002302,EST_PH_RESTAURANT_093_V1,Chowking Philippines Lotus Buchi (estimate),Low,"Modeled recipe, cooking yield or food proxy; actual composition and serving may differ.",1.0,Reference evidence and completeness; not an accuracy percentage or guarantee for your meal.,
FC002303,EST_PH_RESTAURANT_094_V1,Chowking Philippines Choco Buchi (estimate),Low,"Modeled recipe, cooking yield or food proxy; actual composition and serving may differ.",1.0,Reference evidence and completeness; not an accuracy percentage or guarantee for your meal.,
FC002304,EST_PH_RESTAURANT_095_V1,"Ramen Kuroda Philippines Shiro Ramen, noodles pork and broth (estimate)",Low,"Modeled recipe, cooking yield or food proxy; actual composition and serving may differ.",1.0,Reference evidence and completeness; not an accuracy percentage or guarantee for your meal.,
FC002305,EST_PH_RESTAURANT_096_V1,"Ramen Kuroda Philippines Kuro Ramen, noodles pork and broth (estimate)",Low,"Modeled recipe, cooking yield or food proxy; actual composition and serving may differ.",1.0,Reference evidence and completeness; not an accuracy percentage or guarantee for your meal.,
FC002306,EST_PH_RESTAURANT_097_V1,"Ramen Kuroda Philippines Aka Ramen, noodles pork and broth (estimate)",Low,"Modeled recipe, cooking yield or food proxy; actual composition and serving may differ.",1.0,Reference evidence and completeness; not an accuracy percentage or guarantee for your meal.,
FC002307,EST_PH_RESTAURANT_098_V1,"Ramen Kuroda Philippines Shiro Chashumen, noodles extra pork and broth (estimate)",Low,"Modeled recipe, cooking yield or food proxy; actual composition and serving may differ.",1.0,Reference evidence and completeness; not an accuracy percentage or guarantee for your meal.,
FC002308,EST_PH_RESTAURANT_099_V1,"Ramen Kuroda Philippines Kuro Chashumen, noodles extra pork and broth (estimate)",Low,"Modeled recipe, cooking yield or food proxy; actual composition and serving may differ.",1.0,Reference evidence and completeness; not an accuracy percentage or guarantee for your meal.,
FC002309,EST_PH_RESTAURANT_100_V1,"Ramen Kuroda Philippines Aka Chashumen, noodles extra pork and broth (estimate)",Low,"Modeled recipe, cooking yield or food proxy; actual composition and serving may differ.",1.0,Reference evidence and completeness; not an accuracy percentage or guarantee for your meal.,
FC002310,EST_PH_RESTAURANT_101_V1,"Ramen Kuroda Philippines Tan Tan Men, noodles pork and broth (estimate)",Low,"Modeled recipe, cooking yield or food proxy; actual composition and serving may differ.",1.0,Reference evidence and completeness; not an accuracy percentage or guarantee for your meal.,
FC002311,EST_PH_RESTAURANT_102_V1,"Ramen Kuroda Philippines Curry Ramen, noodles pork and broth (estimate)",Low,"Modeled recipe, cooking yield or food proxy; actual composition and serving may differ.",1.0,Reference evidence and completeness; not an accuracy percentage or guarantee for your meal.,
FC002312,EST_PH_RESTAURANT_103_V1,"Ramen Kuroda Philippines Chicken Karaage, chicken only (estimate)",Low,"Modeled recipe, cooking yield or food proxy; actual composition and serving may differ.",1.0,Reference evidence and completeness; not an accuracy percentage or guarantee for your meal.,
FC002313,EST_PH_RESTAURANT_104_V1,"Ramen Kuroda Philippines Chicken Nanban, chicken and sauce (estimate)",Low,"Modeled recipe, cooking yield or food proxy; actual composition and serving may differ.",1.0,Reference evidence and completeness; not an accuracy percentage or guarantee for your meal.,
FC002314,EST_PH_RESTAURANT_105_V1,"Ramen Kuroda Philippines Gyoza, no dipping sauce (estimate)",Low,"Modeled recipe, cooking yield or food proxy; actual composition and serving may differ.",1.0,Reference evidence and completeness; not an accuracy percentage or guarantee for your meal.,
FC002315,EST_PH_RESTAURANT_106_V1,"Ramen Kuroda Philippines Teriyaki Chicken, chicken and sauce only (estimate)",Low,"Modeled recipe, cooking yield or food proxy; actual composition and serving may differ.",1.0,Reference evidence and completeness; not an accuracy percentage or guarantee for your meal.,
FC002316,EST_PH_RESTAURANT_107_V1,"Ramen Nagi Philippines Butao Original King, noodles pork and broth (estimate)",Low,"Modeled recipe, cooking yield or food proxy; actual composition and serving may differ.",1.0,Reference evidence and completeness; not an accuracy percentage or guarantee for your meal.,
FC002317,EST_PH_RESTAURANT_108_V1,"Ramen Nagi Philippines Akao Red King, noodles pork and broth (estimate)",Low,"Modeled recipe, cooking yield or food proxy; actual composition and serving may differ.",1.0,Reference evidence and completeness; not an accuracy percentage or guarantee for your meal.,
FC002318,EST_PH_RESTAURANT_109_V1,"Ramen Nagi Philippines Kuroo Black King, noodles pork and broth (estimate)",Low,"Modeled recipe, cooking yield or food proxy; actual composition and serving may differ.",1.0,Reference evidence and completeness; not an accuracy percentage or guarantee for your meal.,cholesterol_mg_100g
FC002319,EST_PH_RESTAURANT_110_V1,"Ramen Nagi Philippines Midorio Green King, noodles pork and broth (estimate)",Low,"Modeled recipe, cooking yield or food proxy; actual composition and serving may differ.",1.0,Reference evidence and completeness; not an accuracy percentage or guarantee for your meal.,
FC002720,EST_REGIONAL_20260918_001_V1,"Poqui-poqui, eggplant and egg (Ilocos) (estimate)",Low,"Modeled recipe, cooking yield or food proxy; actual composition and serving may differ.",1.0,Reference evidence and completeness; not an accuracy percentage or guarantee for your meal.,sugar_g_100g
FC002721,EST_REGIONAL_20260918_002_V1,"Dinengdeng, mixed vegetables with grilled milkfish (Ilocos) (estimate)",Low,"Modeled recipe, cooking yield or food proxy; actual composition and serving may differ.",1.0,Reference evidence and completeness; not an accuracy percentage or guarantee for your meal.,sugar_g_100g
FC002722,EST_REGIONAL_20260918_003_V1,Bagnet with tomato and fish-paste relish (Ilocos) (estimate),Low,"Modeled recipe, cooking yield or food proxy; actual composition and serving may differ.",1.0,Reference evidence and completeness; not an accuracy percentage or guarantee for your meal.,
FC002723,EST_REGIONAL_20260918_004_V1,"Pancit batil patung, beef-proxy noodles with egg and broth (Cagayan Valley) (estimate)",Low,"Modeled recipe, cooking yield or food proxy; actual composition and serving may differ.",1.0,Reference evidence and completeness; not an accuracy percentage or guarantee for your meal.,
FC002724,EST_REGIONAL_20260918_005_V1,"Pancit Cabagan, pork noodles with egg and sauce (Cagayan Valley) (estimate)",Low,"Modeled recipe, cooking yield or food proxy; actual composition and serving may differ.",1.0,Reference evidence and completeness; not an accuracy percentage or guarantee for your meal.,cholesterol_mg_100g
FC002725,EST_REGIONAL_20260918_006_V1,"Sinanta, mixed-noodle seafood soup (Cagayan Valley) (estimate)",Low,"Modeled recipe, cooking yield or food proxy; actual composition and serving may differ.",1.0,Reference evidence and completeness; not an accuracy percentage or guarantee for your meal.,sugar_g_100g;cholesterol_mg_100g
FC002726,EST_REGIONAL_20260918_007_V1,"Patupat, sticky rice with sugarcane reduction (Cagayan Valley) (estimate)",Low,"Modeled recipe, cooking yield or food proxy; actual composition and serving may differ.",1.0,Reference evidence and completeness; not an accuracy percentage or guarantee for your meal.,
FC002727,EST_REGIONAL_20260918_008_V1,"La Paz batchoy, pork-liver noodles and cracklings (Iloilo and Negros) (estimate)",Low,"Modeled recipe, cooking yield or food proxy; actual composition and serving may differ.",1.0,Reference evidence and completeness; not an accuracy percentage or guarantee for your meal.,sugar_g_100g;cholesterol_mg_100g
FC002728,EST_REGIONAL_20260918_009_V1,"Pancit Molo, pork-shrimp dumpling soup (Iloilo and Negros) (estimate)",Low,"Modeled recipe, cooking yield or food proxy; actual composition and serving may differ.",1.0,Reference evidence and completeness; not an accuracy percentage or guarantee for your meal.,sugar_g_100g;cholesterol_mg_100g
FC002729,EST_REGIONAL_20260918_010_V1,"KBL, kadyos baboy langka soup (Iloilo and Negros) (estimate)",Low,"Modeled recipe, cooking yield or food proxy; actual composition and serving may differ.",1.0,Reference evidence and completeness; not an accuracy percentage or guarantee for your meal.,fiber_g_100g;sugar_g_100g;sodium_mg_100g
FC002730,EST_REGIONAL_20260918_011_V1,"Kansi, beef-shank and young-jackfruit soup (Iloilo and Negros) (estimate)",Low,"Modeled recipe, cooking yield or food proxy; actual composition and serving may differ.",1.0,Reference evidence and completeness; not an accuracy percentage or guarantee for your meal.,fiber_g_100g;sugar_g_100g;sodium_mg_100g;cholesterol_mg_100g
FC002731,EST_REGIONAL_20260918_012_V1,"Pinangat, taro-leaf parcels with pork (Bicol) (estimate)",Low,"Modeled recipe, cooking yield or food proxy; actual composition and serving may differ.",1.0,Reference evidence and completeness; not an accuracy percentage or guarantee for your meal.,sugar_g_100g
FC002732,EST_REGIONAL_20260918_013_V1,"Pinangat, taro-leaf parcels with fish (Bicol) (estimate)",Low,"Modeled recipe, cooking yield or food proxy; actual composition and serving may differ.",1.0,Reference evidence and completeness; not an accuracy percentage or guarantee for your meal.,sugar_g_100g
FC002733,EST_REGIONAL_20260918_014_V1,"Kinalas, beef noodle soup with heart proxy (Bicol) (estimate)",Low,"Modeled recipe, cooking yield or food proxy; actual composition and serving may differ.",1.0,Reference evidence and completeness; not an accuracy percentage or guarantee for your meal.,sugar_g_100g;cholesterol_mg_100g
FC002734,EST_REGIONAL_20260918_015_V1,"Sinantolan, santol and coconut milk (Bicol) (estimate)",Low,"Modeled recipe, cooking yield or food proxy; actual composition and serving may differ.",1.0,Reference evidence and completeness; not an accuracy percentage or guarantee for your meal.,sugar_g_100g
FC002735,EST_REGIONAL_20260918_016_V1,"Kinunot, tuna and malunggay variant (Bicol) (estimate)",Low,"Modeled recipe, cooking yield or food proxy; actual composition and serving may differ.",1.0,Reference evidence and completeness; not an accuracy percentage or guarantee for your meal.,sugar_g_100g
FC002736,EST_REGIONAL_20260918_017_V1,"Kinaluko, taro with coconut milk (Bicol) (estimate)",Low,"Modeled recipe, cooking yield or food proxy; actual composition and serving may differ.",1.0,Reference evidence and completeness; not an accuracy percentage or guarantee for your meal.,sugar_g_100g
FC002737,EST_REGIONAL_20260918_018_V1,"Catandungan latik, rice cake with coconut-sugar topping (Bicol) (estimate)",Low,"Modeled recipe, cooking yield or food proxy; actual composition and serving may differ.",1.0,Reference evidence and completeness; not an accuracy percentage or guarantee for your meal.,sugar_g_100g
FC002738,EST_REGIONAL_20260918_019_V1,"Pili ice cream, generic dairy variant (Bicol) (estimate)",Low,"Modeled recipe, cooking yield or food proxy; actual composition and serving may differ.",1.0,Reference evidence and completeness; not an accuracy percentage or guarantee for your meal.,fiber_g_100g;sugar_g_100g
FC002739,EST_REGIONAL_20260918_020_V1,"Pastil, rice with chicken kagikit (Mindanao) (estimate)",Low,"Modeled recipe, cooking yield or food proxy; actual composition and serving may differ.",1.0,Reference evidence and completeness; not an accuracy percentage or guarantee for your meal.,cholesterol_mg_100g
FC002740,EST_REGIONAL_20260918_021_V1,"Pastil, rice with fish kagikit (Mindanao) (estimate)",Low,"Modeled recipe, cooking yield or food proxy; actual composition and serving may differ.",1.0,Reference evidence and completeness; not an accuracy percentage or guarantee for your meal.,sugar_g_100g
FC002741,EST_REGIONAL_20260918_022_V1,"Pastil, rice with beef kagikit (Mindanao) (estimate)",Low,"Modeled recipe, cooking yield or food proxy; actual composition and serving may differ.",1.0,Reference evidence and completeness; not an accuracy percentage or guarantee for your meal.,
FC002742,EST_REGIONAL_20260918_023_V1,"Piaparan a manok, chicken-coconut mixture (Mindanao) (estimate)",Low,"Modeled recipe, cooking yield or food proxy; actual composition and serving may differ.",1.0,Reference evidence and completeness; not an accuracy percentage or guarantee for your meal.,sugar_g_100g;cholesterol_mg_100g
FC002743,EST_REGIONAL_20260918_024_V1,"Linigid na manok, chicken in coconut milk (Mindanao) (estimate)",Low,"Modeled recipe, cooking yield or food proxy; actual composition and serving may differ.",1.0,Reference evidence and completeness; not an accuracy percentage or guarantee for your meal.,sugar_g_100g;cholesterol_mg_100g
FC002744,EST_REGIONAL_20260918_025_V1,"Beef rendang, Mindanao coconut-spice variant (Mindanao) (estimate)",Low,"Modeled recipe, cooking yield or food proxy; actual composition and serving may differ.",1.0,Reference evidence and completeness; not an accuracy percentage or guarantee for your meal.,sugar_g_100g;cholesterol_mg_100g
FC002745,EST_REGIONAL_20260918_026_V1,"Palapa, spring-onion ginger chili proxy (Mindanao) (estimate)",Low,"Modeled recipe, cooking yield or food proxy; actual composition and serving may differ.",1.0,Reference evidence and completeness; not an accuracy percentage or guarantee for your meal.,
FC002746,EST_REGIONAL_20260918_027_V1,"Dodol, coconut sticky-rice sweet (Mindanao) (estimate)",Low,"Modeled recipe, cooking yield or food proxy; actual composition and serving may differ.",1.0,Reference evidence and completeness; not an accuracy percentage or guarantee for your meal.,sugar_g_100g
FC002747,EST_REGIONAL_20260918_028_V1,"Pinikpikan, chicken soup with salted-pork proxy (Cordillera) (estimate)",Low,"Modeled recipe, cooking yield or food proxy; actual composition and serving may differ.",1.0,Reference evidence and completeness; not an accuracy percentage or guarantee for your meal.,cholesterol_mg_100g
FC002748,EST_REGIONAL_20260918_029_V1,"Humba, home-style pork belly and sweet soy sauce (Visayas) (estimate)",Low,"Modeled recipe, cooking yield or food proxy; actual composition and serving may differ.",1.0,Reference evidence and completeness; not an accuracy percentage or guarantee for your meal.,
FC002749,EST_REGIONAL_20260918_030_V1,"Bam-i, mixed noodles with pork and shrimp (Visayas) (estimate)",Low,"Modeled recipe, cooking yield or food proxy; actual composition and serving may differ.",1.0,Reference evidence and completeness; not an accuracy percentage or guarantee for your meal.,cholesterol_mg_100g
FC002750,EST_REGIONAL_20260918_031_V1,Gerry's Grill Philippines Calamares (estimate),Low,"Modeled recipe, cooking yield or food proxy; actual composition and serving may differ.",1.0,Reference evidence and completeness; not an accuracy percentage or guarantee for your meal.,cholesterol_mg_100g
FC002751,EST_REGIONAL_20260918_032_V1,Gerry's Grill Philippines Crispy Kangkong (estimate),Low,"Modeled recipe, cooking yield or food proxy; actual composition and serving may differ.",1.0,Reference evidence and completeness; not an accuracy percentage or guarantee for your meal.,
FC002752,EST_REGIONAL_20260918_033_V1,Gerry's Grill Philippines Lumpiang Shanghai (estimate),Low,"Modeled recipe, cooking yield or food proxy; actual composition and serving may differ.",1.0,Reference evidence and completeness; not an accuracy percentage or guarantee for your meal.,
FC002753,EST_REGIONAL_20260918_034_V1,Gerry's Grill Philippines Tokwat Lechon Kawali (estimate),Low,"Modeled recipe, cooking yield or food proxy; actual composition and serving may differ.",1.0,Reference evidence and completeness; not an accuracy percentage or guarantee for your meal.,
FC002754,EST_REGIONAL_20260918_035_V1,Gerry's Grill Philippines Chili Cheese Sticks (estimate),Low,"Modeled recipe, cooking yield or food proxy; actual composition and serving may differ.",1.0,Reference evidence and completeness; not an accuracy percentage or guarantee for your meal.,
FC002755,EST_REGIONAL_20260918_036_V1,Gerry's Grill Philippines Garlic Adobo Shreds (estimate),Low,"Modeled recipe, cooking yield or food proxy; actual composition and serving may differ.",1.0,Reference evidence and completeness; not an accuracy percentage or guarantee for your meal.,cholesterol_mg_100g
FC002756,EST_REGIONAL_20260918_037_V1,Gerry's Grill Philippines Sinigang na Baboy (estimate),Low,"Modeled recipe, cooking yield or food proxy; actual composition and serving may differ.",1.0,Reference evidence and completeness; not an accuracy percentage or guarantee for your meal.,fiber_g_100g;sugar_g_100g;sodium_mg_100g
FC002757,EST_REGIONAL_20260918_038_V1,Gerry's Grill Philippines Sinigang na Boneless Bangus (estimate),Low,"Modeled recipe, cooking yield or food proxy; actual composition and serving may differ.",1.0,Reference evidence and completeness; not an accuracy percentage or guarantee for your meal.,fiber_g_100g;sugar_g_100g;sodium_mg_100g
FC002758,EST_REGIONAL_20260918_039_V1,Gerry's Grill Philippines Sinigang na Hipon (estimate),Low,"Modeled recipe, cooking yield or food proxy; actual composition and serving may differ.",1.0,Reference evidence and completeness; not an accuracy percentage or guarantee for your meal.,fiber_g_100g;sugar_g_100g;sodium_mg_100g;cholesterol_mg_100g
FC002759,EST_REGIONAL_20260918_040_V1,Gerry's Grill Philippines Nilagang Bulalo (estimate),Low,"Modeled recipe, cooking yield or food proxy; actual composition and serving may differ.",1.0,Reference evidence and completeness; not an accuracy percentage or guarantee for your meal.,sugar_g_100g;cholesterol_mg_100g
FC002760,EST_REGIONAL_20260918_041_V1,Gerry's Grill Philippines Ampalaya Guisado (estimate),Low,"Modeled recipe, cooking yield or food proxy; actual composition and serving may differ.",1.0,Reference evidence and completeness; not an accuracy percentage or guarantee for your meal.,
FC002761,EST_REGIONAL_20260918_042_V1,Gerry's Grill Philippines Chopsuey (estimate),Low,"Modeled recipe, cooking yield or food proxy; actual composition and serving may differ.",1.0,Reference evidence and completeness; not an accuracy percentage or guarantee for your meal.,sugar_g_100g;cholesterol_mg_100g
FC002762,EST_REGIONAL_20260918_043_V1,Gerry's Grill Philippines Ginataang Gulay (estimate),Low,"Modeled recipe, cooking yield or food proxy; actual composition and serving may differ.",1.0,Reference evidence and completeness; not an accuracy percentage or guarantee for your meal.,sugar_g_100g
FC002763,EST_REGIONAL_20260918_044_V1,Gerry's Grill Philippines Pinakbet (estimate),Low,"Modeled recipe, cooking yield or food proxy; actual composition and serving may differ.",1.0,Reference evidence and completeness; not an accuracy percentage or guarantee for your meal.,sugar_g_100g
FC002764,EST_REGIONAL_20260918_045_V1,Gerry's Grill Philippines Tortang Talong (estimate),Low,"Modeled recipe, cooking yield or food proxy; actual composition and serving may differ.",1.0,Reference evidence and completeness; not an accuracy percentage or guarantee for your meal.,
FC002765,EST_REGIONAL_20260918_046_V1,Gerry's Grill Philippines Inihaw na Pusit (estimate),Low,"Modeled recipe, cooking yield or food proxy; actual composition and serving may differ.",1.0,Reference evidence and completeness; not an accuracy percentage or guarantee for your meal.,cholesterol_mg_100g
FC002766,EST_REGIONAL_20260918_047_V1,Gerry's Grill Philippines Sizzling Bangus Sisig (estimate),Low,"Modeled recipe, cooking yield or food proxy; actual composition and serving may differ.",1.0,Reference evidence and completeness; not an accuracy percentage or guarantee for your meal.,
FC002767,EST_REGIONAL_20260918_048_V1,Gerry's Grill Philippines Sizzling Gambas (estimate),Low,"Modeled recipe, cooking yield or food proxy; actual composition and serving may differ.",1.0,Reference evidence and completeness; not an accuracy percentage or guarantee for your meal.,cholesterol_mg_100g
FC002768,EST_REGIONAL_20260918_049_V1,Gerry's Grill Philippines Chicken Kebab (estimate),Low,"Modeled recipe, cooking yield or food proxy; actual composition and serving may differ.",1.0,Reference evidence and completeness; not an accuracy percentage or guarantee for your meal.,
FC002769,EST_REGIONAL_20260918_050_V1,Gerry's Grill Philippines Garlic Mushroom Chicken (estimate),Low,"Modeled recipe, cooking yield or food proxy; actual composition and serving may differ.",1.0,Reference evidence and completeness; not an accuracy percentage or guarantee for your meal.,cholesterol_mg_100g
FC002770,EST_REGIONAL_20260918_051_V1,Gerry's Grill Philippines Classic Fried Chicken (estimate),Low,"Modeled recipe, cooking yield or food proxy; actual composition and serving may differ.",1.0,Reference evidence and completeness; not an accuracy percentage or guarantee for your meal.,
FC002771,EST_REGIONAL_20260918_052_V1,Gerry's Grill Philippines Pancit Bihon (estimate),Low,"Modeled recipe, cooking yield or food proxy; actual composition and serving may differ.",1.0,Reference evidence and completeness; not an accuracy percentage or guarantee for your meal.,cholesterol_mg_100g
FC002772,EST_REGIONAL_20260918_053_V1,Gerry's Grill Philippines Pancit Canton (estimate),Low,"Modeled recipe, cooking yield or food proxy; actual composition and serving may differ.",1.0,Reference evidence and completeness; not an accuracy percentage or guarantee for your meal.,cholesterol_mg_100g
FC002773,EST_REGIONAL_20260918_054_V1,Gerry's Grill Philippines Pancit Palabok (estimate),Low,"Modeled recipe, cooking yield or food proxy; actual composition and serving may differ.",1.0,Reference evidence and completeness; not an accuracy percentage or guarantee for your meal.,sugar_g_100g;cholesterol_mg_100g
FC002774,EST_REGIONAL_20260918_055_V1,Gerry's Grill Philippines Banana con Leche (estimate),Low,"Modeled recipe, cooking yield or food proxy; actual composition and serving may differ.",1.0,Reference evidence and completeness; not an accuracy percentage or guarantee for your meal.,
FC002775,EST_REGIONAL_20260918_056_V1,Max's Restaurant Philippines Fried Chicken (estimate),Low,"Modeled recipe, cooking yield or food proxy; actual composition and serving may differ.",1.0,Reference evidence and completeness; not an accuracy percentage or guarantee for your meal.,
FC002776,EST_REGIONAL_20260918_057_V1,Max's Restaurant Philippines Crispy Pata (estimate),Low,"Modeled recipe, cooking yield or food proxy; actual composition and serving may differ.",1.0,Reference evidence and completeness; not an accuracy percentage or guarantee for your meal.,
FC002777,EST_REGIONAL_20260918_058_V1,Max's Restaurant Philippines All Beef Kare-Kare (estimate),Low,"Modeled recipe, cooking yield or food proxy; actual composition and serving may differ.",1.0,Reference evidence and completeness; not an accuracy percentage or guarantee for your meal.,sugar_g_100g;cholesterol_mg_100g
FC002778,EST_REGIONAL_20260918_059_V1,Max's Restaurant Philippines Sizzling Tofu (estimate),Low,"Modeled recipe, cooking yield or food proxy; actual composition and serving may differ.",1.0,Reference evidence and completeness; not an accuracy percentage or guarantee for your meal.,
FC002779,EST_REGIONAL_20260918_060_V1,Max's Restaurant Philippines Lumpiang Shanghai (estimate),Low,"Modeled recipe, cooking yield or food proxy; actual composition and serving may differ.",1.0,Reference evidence and completeness; not an accuracy percentage or guarantee for your meal.,
FC002780,EST_REGIONAL_20260918_061_V1,Max's Restaurant Philippines Chicken Sisig (estimate),Low,"Modeled recipe, cooking yield or food proxy; actual composition and serving may differ.",1.0,Reference evidence and completeness; not an accuracy percentage or guarantee for your meal.,cholesterol_mg_100g
FC002781,EST_REGIONAL_20260918_062_V1,Max's Restaurant Philippines Sizzling Crispy Pork Sisig (estimate),Low,"Modeled recipe, cooking yield or food proxy; actual composition and serving may differ.",1.0,Reference evidence and completeness; not an accuracy percentage or guarantee for your meal.,
FC002782,EST_REGIONAL_20260918_063_V1,Max's Restaurant Philippines Sinigang na Tiyan ng Bangus (estimate),Low,"Modeled recipe, cooking yield or food proxy; actual composition and serving may differ.",1.0,Reference evidence and completeness; not an accuracy percentage or guarantee for your meal.,fiber_g_100g;sugar_g_100g;sodium_mg_100g
FC002783,EST_REGIONAL_20260918_064_V1,Max's Restaurant Philippines Sinigang na Tiyan ng Bangus sa Miso (estimate),Low,"Modeled recipe, cooking yield or food proxy; actual composition and serving may differ.",1.0,Reference evidence and completeness; not an accuracy percentage or guarantee for your meal.,fiber_g_100g;sugar_g_100g;sodium_mg_100g
FC002784,EST_REGIONAL_20260918_065_V1,Max's Restaurant Philippines Sinigang na Baboy (estimate),Low,"Modeled recipe, cooking yield or food proxy; actual composition and serving may differ.",1.0,Reference evidence and completeness; not an accuracy percentage or guarantee for your meal.,fiber_g_100g;sugar_g_100g;sodium_mg_100g
FC002785,EST_REGIONAL_20260918_066_V1,Max's Restaurant Philippines Sinigang na Hipon (estimate),Low,"Modeled recipe, cooking yield or food proxy; actual composition and serving may differ.",1.0,Reference evidence and completeness; not an accuracy percentage or guarantee for your meal.,fiber_g_100g;sugar_g_100g;sodium_mg_100g;cholesterol_mg_100g
FC002786,EST_REGIONAL_20260918_067_V1,Max's Restaurant Philippines Lechon Kawali Kare-kare (estimate),Low,"Modeled recipe, cooking yield or food proxy; actual composition and serving may differ.",1.0,Reference evidence and completeness; not an accuracy percentage or guarantee for your meal.,sugar_g_100g
FC002787,EST_REGIONAL_20260918_068_V1,Max's Restaurant Philippines Vegetable Kare-Kare (estimate),Low,"Modeled recipe, cooking yield or food proxy; actual composition and serving may differ.",1.0,Reference evidence and completeness; not an accuracy percentage or guarantee for your meal.,sugar_g_100g
FC002788,EST_REGIONAL_20260918_069_V1,Max's Restaurant Philippines Seafood Kare-Kare (estimate),Low,"Modeled recipe, cooking yield or food proxy; actual composition and serving may differ.",1.0,Reference evidence and completeness; not an accuracy percentage or guarantee for your meal.,sugar_g_100g;cholesterol_mg_100g
FC002789,EST_REGIONAL_20260918_070_V1,Max's Restaurant Philippines Chopsuey (estimate),Low,"Modeled recipe, cooking yield or food proxy; actual composition and serving may differ.",1.0,Reference evidence and completeness; not an accuracy percentage or guarantee for your meal.,sugar_g_100g;cholesterol_mg_100g
FC002790,EST_REGIONAL_20260918_071_V1,Max's Restaurant Philippines Lechon Kawali (estimate),Low,"Modeled recipe, cooking yield or food proxy; actual composition and serving may differ.",1.0,Reference evidence and completeness; not an accuracy percentage or guarantee for your meal.,
FC002791,EST_REGIONAL_20260918_072_V1,Max's Restaurant Philippines Pocherong Baka (estimate),Low,"Modeled recipe, cooking yield or food proxy; actual composition and serving may differ.",1.0,Reference evidence and completeness; not an accuracy percentage or guarantee for your meal.,sugar_g_100g;cholesterol_mg_100g
FC002792,EST_REGIONAL_20260918_073_V1,Max's Restaurant Philippines Bulalo (estimate),Low,"Modeled recipe, cooking yield or food proxy; actual composition and serving may differ.",1.0,Reference evidence and completeness; not an accuracy percentage or guarantee for your meal.,sugar_g_100g;cholesterol_mg_100g
FC002793,EST_REGIONAL_20260918_074_V1,Max's Restaurant Philippines Beef Caldereta (estimate),Low,"Modeled recipe, cooking yield or food proxy; actual composition and serving may differ.",1.0,Reference evidence and completeness; not an accuracy percentage or guarantee for your meal.,cholesterol_mg_100g
FC002794,EST_REGIONAL_20260918_075_V1,Max's Restaurant Philippines Sweet and Sour Fish Fillet (estimate),Low,"Modeled recipe, cooking yield or food proxy; actual composition and serving may differ.",1.0,Reference evidence and completeness; not an accuracy percentage or guarantee for your meal.,sugar_g_100g
FC002795,EST_REGIONAL_20260918_076_V1,Max's Restaurant Philippines Boneless Bangus (estimate),Low,"Modeled recipe, cooking yield or food proxy; actual composition and serving may differ.",1.0,Reference evidence and completeness; not an accuracy percentage or guarantee for your meal.,
FC002796,EST_REGIONAL_20260918_077_V1,Max's Restaurant Philippines Pinakbet (estimate),Low,"Modeled recipe, cooking yield or food proxy; actual composition and serving may differ.",1.0,Reference evidence and completeness; not an accuracy percentage or guarantee for your meal.,sugar_g_100g
FC002797,EST_REGIONAL_20260918_078_V1,Max's Restaurant Philippines Pancit Canton (estimate),Low,"Modeled recipe, cooking yield or food proxy; actual composition and serving may differ.",1.0,Reference evidence and completeness; not an accuracy percentage or guarantee for your meal.,cholesterol_mg_100g
FC002798,EST_REGIONAL_20260918_079_V1,Max's Restaurant Philippines Pancit Bam-I (estimate),Low,"Modeled recipe, cooking yield or food proxy; actual composition and serving may differ.",1.0,Reference evidence and completeness; not an accuracy percentage or guarantee for your meal.,cholesterol_mg_100g
FC002799,EST_REGIONAL_20260918_080_V1,Max's Restaurant Philippines Arroz Caldo (estimate),Low,"Modeled recipe, cooking yield or food proxy; actual composition and serving may differ.",1.0,Reference evidence and completeness; not an accuracy percentage or guarantee for your meal.,sugar_g_100g;cholesterol_mg_100g
FC002800,EST_REGIONAL_20260918_081_V1,Giligan's Philippines Kare-kare Gulay (estimate),Low,"Modeled recipe, cooking yield or food proxy; actual composition and serving may differ.",1.0,Reference evidence and completeness; not an accuracy percentage or guarantee for your meal.,sugar_g_100g
FC002801,EST_REGIONAL_20260918_082_V1,Giligan's Philippines Fried Chicken (estimate),Low,"Modeled recipe, cooking yield or food proxy; actual composition and serving may differ.",1.0,Reference evidence and completeness; not an accuracy percentage or guarantee for your meal.,
FC002802,EST_REGIONAL_20260918_083_V1,Giligan's Philippines Bangus Salpicao (estimate),Low,"Modeled recipe, cooking yield or food proxy; actual composition and serving may differ.",1.0,Reference evidence and completeness; not an accuracy percentage or guarantee for your meal.,
FC002803,EST_REGIONAL_20260918_084_V1,Giligan's Philippines Beef Caldereta (estimate),Low,"Modeled recipe, cooking yield or food proxy; actual composition and serving may differ.",1.0,Reference evidence and completeness; not an accuracy percentage or guarantee for your meal.,cholesterol_mg_100g
FC002804,EST_REGIONAL_20260918_085_V1,Giligan's Philippines Bihon Guisado (estimate),Low,"Modeled recipe, cooking yield or food proxy; actual composition and serving may differ.",1.0,Reference evidence and completeness; not an accuracy percentage or guarantee for your meal.,cholesterol_mg_100g
FC002805,EST_REGIONAL_20260918_086_V1,Giligan's Philippines Binagoongang Kangkong (estimate),Low,"Modeled recipe, cooking yield or food proxy; actual composition and serving may differ.",1.0,Reference evidence and completeness; not an accuracy percentage or guarantee for your meal.,
FC002806,EST_REGIONAL_20260918_087_V1,Giligan's Philippines Binagoongang Lechon Kawali (estimate),Low,"Modeled recipe, cooking yield or food proxy; actual composition and serving may differ.",1.0,Reference evidence and completeness; not an accuracy percentage or guarantee for your meal.,
FC002807,EST_REGIONAL_20260918_088_V1,Giligan's Philippines Binagoongang Talong (estimate),Low,"Modeled recipe, cooking yield or food proxy; actual composition and serving may differ.",1.0,Reference evidence and completeness; not an accuracy percentage or guarantee for your meal.,
FC002808,EST_REGIONAL_20260918_089_V1,Giligan's Philippines Boneless Cajun Chicken (estimate),Low,"Modeled recipe, cooking yield or food proxy; actual composition and serving may differ.",1.0,Reference evidence and completeness; not an accuracy percentage or guarantee for your meal.,
FC002809,EST_REGIONAL_20260918_090_V1,Giligan's Philippines Boneless Chicken BBQ (estimate),Low,"Modeled recipe, cooking yield or food proxy; actual composition and serving may differ.",1.0,Reference evidence and completeness; not an accuracy percentage or guarantee for your meal.,
FC002810,EST_REGIONAL_20260918_091_V1,Giligan's Philippines Boneless Chicken Inasal (estimate),Low,"Modeled recipe, cooking yield or food proxy; actual composition and serving may differ.",1.0,Reference evidence and completeness; not an accuracy percentage or guarantee for your meal.,
FC002811,EST_REGIONAL_20260918_092_V1,Giligan's Philippines Boneless Chicken Teriyaki (estimate),Low,"Modeled recipe, cooking yield or food proxy; actual composition and serving may differ.",1.0,Reference evidence and completeness; not an accuracy percentage or guarantee for your meal.,
FC002812,EST_REGIONAL_20260918_093_V1,Giligan's Philippines Boneless Garlic Chicken (estimate),Low,"Modeled recipe, cooking yield or food proxy; actual composition and serving may differ.",1.0,Reference evidence and completeness; not an accuracy percentage or guarantee for your meal.,
FC002813,EST_REGIONAL_20260918_094_V1,Giligan's Philippines Boneless Soy Honey Chicken (estimate),Low,"Modeled recipe, cooking yield or food proxy; actual composition and serving may differ.",1.0,Reference evidence and completeness; not an accuracy percentage or guarantee for your meal.,
FC002814,EST_REGIONAL_20260918_095_V1,Giligan's Philippines Boneless Sweet and Spicy Chicken (estimate),Low,"Modeled recipe, cooking yield or food proxy; actual composition and serving may differ.",1.0,Reference evidence and completeness; not an accuracy percentage or guarantee for your meal.,
FC002815,EST_REGIONAL_20260918_096_V1,Giligan's Philippines Bulalo Soup (estimate),Low,"Modeled recipe, cooking yield or food proxy; actual composition and serving may differ.",1.0,Reference evidence and completeness; not an accuracy percentage or guarantee for your meal.,sugar_g_100g;cholesterol_mg_100g
FC002816,EST_REGIONAL_20260918_097_V1,Giligan's Philippines Cajun Shrimp (estimate),Low,"Modeled recipe, cooking yield or food proxy; actual composition and serving may differ.",1.0,Reference evidence and completeness; not an accuracy percentage or guarantee for your meal.,cholesterol_mg_100g
FC002817,EST_REGIONAL_20260918_098_V1,Giligan's Philippines Calamares Fritos (estimate),Low,"Modeled recipe, cooking yield or food proxy; actual composition and serving may differ.",1.0,Reference evidence and completeness; not an accuracy percentage or guarantee for your meal.,cholesterol_mg_100g
FC002818,EST_REGIONAL_20260918_099_V1,Giligan's Philippines Canton Guisado (estimate),Low,"Modeled recipe, cooking yield or food proxy; actual composition and serving may differ.",1.0,Reference evidence and completeness; not an accuracy percentage or guarantee for your meal.,cholesterol_mg_100g
FC002819,EST_REGIONAL_20260918_100_V1,Giligan's Philippines Chopsuey (estimate),Low,"Modeled recipe, cooking yield or food proxy; actual composition and serving may differ.",1.0,Reference evidence and completeness; not an accuracy percentage or guarantee for your meal.,sugar_g_100g;cholesterol_mg_100g
FC002840,EST_WORLD_20260918_001_V1,Botejyu Philippines Teriyaki Chicken Salad (estimate),Low,"Modeled recipe, cooking yield or food proxy; actual composition and serving may differ.",1.0,Reference evidence and completeness; not an accuracy percentage or guarantee for your meal.,cholesterol_mg_100g
FC002841,EST_WORLD_20260918_002_V1,Botejyu Philippines Chawanmushi Egg Custard (estimate),Low,"Modeled recipe, cooking yield or food proxy; actual composition and serving may differ.",1.0,Reference evidence and completeness; not an accuracy percentage or guarantee for your meal.,cholesterol_mg_100g
FC002842,EST_WORLD_20260918_003_V1,Botejyu Philippines Cheesy Pork Belly Tonpei (estimate),Low,"Modeled recipe, cooking yield or food proxy; actual composition and serving may differ.",1.0,Reference evidence and completeness; not an accuracy percentage or guarantee for your meal.,
FC002843,EST_WORLD_20260918_004_V1,Botejyu Philippines Tamagoyaki (estimate),Low,"Modeled recipe, cooking yield or food proxy; actual composition and serving may differ.",1.0,Reference evidence and completeness; not an accuracy percentage or guarantee for your meal.,
FC002844,EST_WORLD_20260918_005_V1,"Panda Express Philippines Orange Chicken, entree only (estimate)",Low,"Modeled recipe, cooking yield or food proxy; actual composition and serving may differ.",1.0,Reference evidence and completeness; not an accuracy percentage or guarantee for your meal.,
FC002845,EST_WORLD_20260918_006_V1,"Panda Express Philippines Kung Pao Chicken, entree only (estimate)",Low,"Modeled recipe, cooking yield or food proxy; actual composition and serving may differ.",1.0,Reference evidence and completeness; not an accuracy percentage or guarantee for your meal.,sugar_g_100g;cholesterol_mg_100g
FC002846,EST_WORLD_20260918_007_V1,"Panda Express Philippines Chow Mein, noodles only (estimate)",Low,"Modeled recipe, cooking yield or food proxy; actual composition and serving may differ.",1.0,Reference evidence and completeness; not an accuracy percentage or guarantee for your meal.,
FC002847,EST_WORLD_20260918_008_V1,"Panda Express Philippines Fried Rice, rice only (estimate)",Low,"Modeled recipe, cooking yield or food proxy; actual composition and serving may differ.",1.0,Reference evidence and completeness; not an accuracy percentage or guarantee for your meal.,
FC002848,EST_WORLD_20260918_009_V1,"Royal Indian Curry House by Swaadisht Philippines Murg Makhani Butter Chicken, curry only (estimate)",Low,"Modeled recipe, cooking yield or food proxy; actual composition and serving may differ.",1.0,Reference evidence and completeness; not an accuracy percentage or guarantee for your meal.,cholesterol_mg_100g
FC002849,EST_WORLD_20260918_010_V1,"Royal Indian Curry House by Swaadisht Philippines Chicken Biryani, rice and boneless chicken (estimate)",Low,"Modeled recipe, cooking yield or food proxy; actual composition and serving may differ.",1.0,Reference evidence and completeness; not an accuracy percentage or guarantee for your meal.,cholesterol_mg_100g
FC002850,EST_WORLD_20260918_011_V1,"Royal Indian Curry House by Swaadisht Philippines Egg Biryani, rice and egg (estimate)",Low,"Modeled recipe, cooking yield or food proxy; actual composition and serving may differ.",1.0,Reference evidence and completeness; not an accuracy percentage or guarantee for your meal.,
FC002851,EST_WORLD_20260918_012_V1,"Royal Indian Curry House by Swaadisht Philippines Prawn Curry, curry only (estimate)",Low,"Modeled recipe, cooking yield or food proxy; actual composition and serving may differ.",1.0,Reference evidence and completeness; not an accuracy percentage or guarantee for your meal.,cholesterol_mg_100g
FC002852,EST_WORLD_20260918_013_V1,"Mister Kabab Philippines Beef Special Chelo Kabab, modeled rice and beef (estimate)",Low,"Modeled recipe, cooking yield or food proxy; actual composition and serving may differ.",1.0,Reference evidence and completeness; not an accuracy percentage or guarantee for your meal.,
FC002853,EST_WORLD_20260918_014_V1,"Mister Kabab Philippines Chicken Special Chelo Kabab, modeled rice and chicken (estimate)",Low,"Modeled recipe, cooking yield or food proxy; actual composition and serving may differ.",1.0,Reference evidence and completeness; not an accuracy percentage or guarantee for your meal.,cholesterol_mg_100g
FC002854,EST_WORLD_20260918_015_V1,Mister Kabab Philippines Shawarma Sandwich (estimate),Low,"Modeled recipe, cooking yield or food proxy; actual composition and serving may differ.",1.0,Reference evidence and completeness; not an accuracy percentage or guarantee for your meal.,
FC002855,EST_WORLD_20260918_016_V1,"Mister Kabab Philippines Chicken Barbecue, edible chicken only (estimate)",Low,"Modeled recipe, cooking yield or food proxy; actual composition and serving may differ.",1.0,Reference evidence and completeness; not an accuracy percentage or guarantee for your meal.,cholesterol_mg_100g
FC002856,EST_WORLD_20260918_017_V1,Banana Leaf Philippines Malayan Seafood Laksa (estimate),Low,"Modeled recipe, cooking yield or food proxy; actual composition and serving may differ.",1.0,Reference evidence and completeness; not an accuracy percentage or guarantee for your meal.,sugar_g_100g;cholesterol_mg_100g
FC002857,EST_WORLD_20260918_018_V1,"Banana Leaf Philippines Hainanese Chicken Set Meal, modeled chicken and rice (estimate)",Low,"Modeled recipe, cooking yield or food proxy; actual composition and serving may differ.",1.0,Reference evidence and completeness; not an accuracy percentage or guarantee for your meal.,cholesterol_mg_100g
FC002858,EST_WORLD_20260918_019_V1,Banana Leaf Philippines Malayan Chicken Curry with Potatoes (estimate),Low,"Modeled recipe, cooking yield or food proxy; actual composition and serving may differ.",1.0,Reference evidence and completeness; not an accuracy percentage or guarantee for your meal.,sugar_g_100g;cholesterol_mg_100g
FC002859,EST_WORLD_20260918_020_V1,Banana Leaf Philippines Penang Char Kway Teow (estimate),Low,"Modeled recipe, cooking yield or food proxy; actual composition and serving may differ.",1.0,Reference evidence and completeness; not an accuracy percentage or guarantee for your meal.,cholesterol_mg_100g
FC002860,EST_WORLD_20260918_021_V1,"Shake Shack Philippines ShackBurger, single sandwich (estimate)",Low,"Modeled recipe, cooking yield or food proxy; actual composition and serving may differ.",1.0,Reference evidence and completeness; not an accuracy percentage or guarantee for your meal.,
FC002861,EST_WORLD_20260918_022_V1,"Shake Shack Philippines SmokeShack, single sandwich (estimate)",Low,"Modeled recipe, cooking yield or food proxy; actual composition and serving may differ.",1.0,Reference evidence and completeness; not an accuracy percentage or guarantee for your meal.,
FC002862,EST_WORLD_20260918_023_V1,"Shake Shack Philippines Hamburger, single sandwich with lettuce and tomato (estimate)",Low,"Modeled recipe, cooking yield or food proxy; actual composition and serving may differ.",1.0,Reference evidence and completeness; not an accuracy percentage or guarantee for your meal.,
FC002863,EST_WORLD_20260918_024_V1,"Shake Shack Philippines Grilled Cheese, sandwich only (estimate)",Low,"Modeled recipe, cooking yield or food proxy; actual composition and serving may differ.",1.0,Reference evidence and completeness; not an accuracy percentage or guarantee for your meal.,
FC002864,EST_WORLD_20260918_025_V1,"Oyakodon, chicken and egg over rice (Japanese) (estimate)",Low,"Modeled recipe, cooking yield or food proxy; actual composition and serving may differ.",1.0,Reference evidence and completeness; not an accuracy percentage or guarantee for your meal.,cholesterol_mg_100g
FC002865,EST_WORLD_20260918_026_V1,"Gyudon, beef and onion over rice (Japanese) (estimate)",Low,"Modeled recipe, cooking yield or food proxy; actual composition and serving may differ.",1.0,Reference evidence and completeness; not an accuracy percentage or guarantee for your meal.,
FC002866,EST_WORLD_20260918_027_V1,"Mapo tofu, pork version, no rice (Chinese) (estimate)",Low,"Modeled recipe, cooking yield or food proxy; actual composition and serving may differ.",1.0,Reference evidence and completeness; not an accuracy percentage or guarantee for your meal.,
FC002867,EST_WORLD_20260918_028_V1,Shrimp and egg fried rice (Chinese) (estimate),Low,"Modeled recipe, cooking yield or food proxy; actual composition and serving may differ.",1.0,Reference evidence and completeness; not an accuracy percentage or guarantee for your meal.,cholesterol_mg_100g
FC002868,EST_WORLD_20260918_029_V1,"Chana masala, chickpea curry, no rice (Indian) (estimate)",Low,"Modeled recipe, cooking yield or food proxy; actual composition and serving may differ.",1.0,Reference evidence and completeness; not an accuracy percentage or guarantee for your meal.,
FC002869,EST_WORLD_20260918_030_V1,"Chicken biryani, modeled boneless rice mixture (Indian) (estimate)",Low,"Modeled recipe, cooking yield or food proxy; actual composition and serving may differ.",1.0,Reference evidence and completeness; not an accuracy percentage or guarantee for your meal.,cholesterol_mg_100g
FC002870,EST_WORLD_20260918_031_V1,"Chicken shawarma, meat only (Middle Eastern) (estimate)",Low,"Modeled recipe, cooking yield or food proxy; actual composition and serving may differ.",1.0,Reference evidence and completeness; not an accuracy percentage or guarantee for your meal.,cholesterol_mg_100g
FC002871,EST_WORLD_20260918_032_V1,"Chicken kofta kebab, meat only (Middle Eastern) (estimate)",Low,"Modeled recipe, cooking yield or food proxy; actual composition and serving may differ.",1.0,Reference evidence and completeness; not an accuracy percentage or guarantee for your meal.,cholesterol_mg_100g
FC002872,EST_WORLD_20260918_033_V1,"Hainanese chicken rice, modeled boneless mixture (Singaporean) (estimate)",Low,"Modeled recipe, cooking yield or food proxy; actual composition and serving may differ.",1.0,Reference evidence and completeness; not an accuracy percentage or guarantee for your meal.,cholesterol_mg_100g
FC002873,EST_WORLD_20260918_034_V1,"Laksa, shrimp coconut noodle soup (Singaporean) (estimate)",Low,"Modeled recipe, cooking yield or food proxy; actual composition and serving may differ.",1.0,Reference evidence and completeness; not an accuracy percentage or guarantee for your meal.,sugar_g_100g;cholesterol_mg_100g
