food_id,source_url,serving_amount,serving_unit,nutrients_json,conversion,accessed_date
FC002874,https://athlene.com.ph/cdn/shop/products/choco_small_3.png?v=1697512683&width=1946,32.4,g,"{""kcal_100g"": 124, ""protein_g_100g"": 24, ""carbs_g_100g"": 3, ""fat_g_100g"": 2, ""fiber_g_100g"": """", ""sugar_g_100g"": 1, ""sodium_mg_100g"": 104, ""cholesterol_mg_100g"": 58}",Published grams; nutrient / 32.4 * 100; fiber absent.,2026-09-18
FC002933,https://www.coca-cola.com/ph/en/brands/coca-cola,237,mL,"{""kcal_100g"": 100, ""protein_g_100g"": 0, ""carbs_g_100g"": 25, ""fat_g_100g"": 0, ""fiber_g_100g"": 0, ""sugar_g_100g"": 25, ""sodium_mg_100g"": 12, ""cholesterol_mg_100g"": 0}","PH manufacturer publishes per 237 mL serving. For this per-100-g estimate ONLY, density is ASSUMED 1.00 g/mL (not measured). Values divided by serving mL then multiplied by 100. This does not authorize ml-to-g portion conversion. Label rounding retained; zero is declared label zero, not analytical absence.",2026-09-18
FC002934,https://www.coca-cola.com/ph/en/brands/coca-cola,320,mL,"{""kcal_100g"": 0, ""protein_g_100g"": 0, ""carbs_g_100g"": 0, ""fat_g_100g"": 0, ""fiber_g_100g"": 0, ""sugar_g_100g"": 0, ""sodium_mg_100g"": 20, ""cholesterol_mg_100g"": 0}","PH manufacturer publishes per 320 mL serving. For this per-100-g estimate ONLY, density is ASSUMED 1.00 g/mL (not measured). Values divided by serving mL then multiplied by 100. This does not authorize ml-to-g portion conversion. Label rounding retained; zero is declared label zero, not analytical absence.",2026-09-18
FC002935,https://www.coca-cola.com/ph/en/brands/coca-cola,320,mL,"{""kcal_100g"": 0, ""protein_g_100g"": 0, ""carbs_g_100g"": 0, ""fat_g_100g"": 0, ""fiber_g_100g"": 0, ""sugar_g_100g"": 0, ""sodium_mg_100g"": 20, ""cholesterol_mg_100g"": 0}","PH manufacturer publishes per 320 mL serving. For this per-100-g estimate ONLY, density is ASSUMED 1.00 g/mL (not measured). Values divided by serving mL then multiplied by 100. This does not authorize ml-to-g portion conversion. Label rounding retained; zero is declared label zero, not analytical absence.",2026-09-18
FC002936,https://www.coca-cola.com/ph/en/brands/sprite,240,mL,"{""kcal_100g"": 48, ""protein_g_100g"": 0, ""carbs_g_100g"": 12, ""fat_g_100g"": 0, ""fiber_g_100g"": 0, ""sugar_g_100g"": 12, ""sodium_mg_100g"": 22, ""cholesterol_mg_100g"": 0}","PH manufacturer publishes per 240 mL serving. For this per-100-g estimate ONLY, density is ASSUMED 1.00 g/mL (not measured). Values divided by serving mL then multiplied by 100. This does not authorize ml-to-g portion conversion. Label rounding retained; zero is declared label zero, not analytical absence.",2026-09-18
FC002937,https://www.coca-cola.com/ph/en/brands/sprite,320,mL,"{""kcal_100g"": 0, ""protein_g_100g"": 0, ""carbs_g_100g"": 0, ""fat_g_100g"": 0, ""fiber_g_100g"": 0, ""sugar_g_100g"": 0, ""sodium_mg_100g"": 29, ""cholesterol_mg_100g"": 0}","PH manufacturer publishes per 320 mL serving. For this per-100-g estimate ONLY, density is ASSUMED 1.00 g/mL (not measured). Values divided by serving mL then multiplied by 100. This does not authorize ml-to-g portion conversion. Label rounding retained; zero is declared label zero, not analytical absence.",2026-09-18
FC002938,https://www.coca-cola.com/ph/en/brands/royal,237,mL,"{""kcal_100g"": 48, ""protein_g_100g"": 0, ""carbs_g_100g"": 12, ""fat_g_100g"": 0, ""fiber_g_100g"": 0, ""sugar_g_100g"": 12, ""sodium_mg_100g"": 16, ""cholesterol_mg_100g"": 0}","PH manufacturer publishes per 237 mL serving. For this per-100-g estimate ONLY, density is ASSUMED 1.00 g/mL (not measured). Values divided by serving mL then multiplied by 100. This does not authorize ml-to-g portion conversion. Label rounding retained; zero is declared label zero, not analytical absence.",2026-09-18
FC002939,https://www.coca-cola.com/ph/en/brands/royal,320,mL,"{""kcal_100g"": 0, ""protein_g_100g"": 0, ""carbs_g_100g"": 0, ""fat_g_100g"": 0, ""fiber_g_100g"": 0, ""sugar_g_100g"": 0, ""sodium_mg_100g"": 21, ""cholesterol_mg_100g"": 0}","PH manufacturer publishes per 320 mL serving. For this per-100-g estimate ONLY, density is ASSUMED 1.00 g/mL (not measured). Values divided by serving mL then multiplied by 100. This does not authorize ml-to-g portion conversion. Label rounding retained; zero is declared label zero, not analytical absence.",2026-09-18
FC002940,https://www.coca-cola.com/ph/en/brands/royal,320,mL,"{""kcal_100g"": 60, ""protein_g_100g"": 0, ""carbs_g_100g"": 15, ""fat_g_100g"": 0, ""fiber_g_100g"": 0, ""sugar_g_100g"": 15, ""sodium_mg_100g"": 35, ""cholesterol_mg_100g"": 0}","PH manufacturer publishes per 320 mL serving. For this per-100-g estimate ONLY, density is ASSUMED 1.00 g/mL (not measured). Values divided by serving mL then multiplied by 100. This does not authorize ml-to-g portion conversion. Label rounding retained; zero is declared label zero, not analytical absence.",2026-09-18
FC002941,https://www.coca-cola.com/ph/en/brands/royal,237,mL,"{""kcal_100g"": 48, ""protein_g_100g"": 0, ""carbs_g_100g"": 12, ""fat_g_100g"": 0, ""fiber_g_100g"": 0, ""sugar_g_100g"": 12, ""sodium_mg_100g"": 26, ""cholesterol_mg_100g"": 0}","PH manufacturer publishes per 237 mL serving. For this per-100-g estimate ONLY, density is ASSUMED 1.00 g/mL (not measured). Values divided by serving mL then multiplied by 100. This does not authorize ml-to-g portion conversion. Label rounding retained; zero is declared label zero, not analytical absence.",2026-09-18
