food_id,estimate_id,brand,name,menu_item,menu_source_url,menu_source_role,nutrition_status,confidence,modeled_mass_g,notes
FC002210,EST_PH_RESTAURANT_001_V1,Jollibee,"Jollibee Philippines Chickenjoy, original, edible chicken only (estimate)","Chickenjoy, original, edible chicken only",https://order.jollibee.com/en/ph/menu,IDENTITY_ONLY_NOT_NUTRITION,MODEL_ASSUMPTIONS_NOT_BRAND_FACTS,Low,100,"Generic flour-fried chicken proxy; bones, gravy and rice excluded."
FC002211,EST_PH_RESTAURANT_002_V1,Jollibee,"Jollibee Philippines Chickenjoy, spicy, edible chicken only (estimate)","Chickenjoy, spicy, edible chicken only",https://order.jollibee.com/en/ph/menu,IDENTITY_ONLY_NOT_NUTRITION,MODEL_ASSUMPTIONS_NOT_BRAND_FACTS,Low,104,Assumed chili/oil coating; proprietary breading unknown.
FC002212,EST_PH_RESTAURANT_003_V1,Jollibee,"Jollibee Philippines Yumburger, sandwich only (estimate)","Yumburger, sandwich only",https://order.jollibee.com/en/ph/menu,IDENTITY_ONLY_NOT_NUTRITION,MODEL_ASSUMPTIONS_NOT_BRAND_FACTS,Low,107,Generic cooked beef and bun proportions; no measured brand patty or sandwich weight.
FC002213,EST_PH_RESTAURANT_004_V1,Jollibee,"Jollibee Philippines Cheesy Yumburger, sandwich only (estimate)","Cheesy Yumburger, sandwich only",https://order.jollibee.com/en/ph/menu,IDENTITY_ONLY_NOT_NUTRITION,MODEL_ASSUMPTIONS_NOT_BRAND_FACTS,Low,122,Generic cooked beef and bun proportions; no measured brand patty or sandwich weight.
FC002214,EST_PH_RESTAURANT_005_V1,Jollibee,"Jollibee Philippines Double Cheesy Yumburger, sandwich only (estimate)","Double Cheesy Yumburger, sandwich only",https://order.jollibee.com/en/ph/menu,IDENTITY_ONLY_NOT_NUTRITION,MODEL_ASSUMPTIONS_NOT_BRAND_FACTS,Low,182,Generic cooked beef and bun proportions; no measured brand patty or sandwich weight.
FC002215,EST_PH_RESTAURANT_006_V1,Jollibee,"Jollibee Philippines Bacon Cheesy Yumburger, sandwich only (estimate)","Bacon Cheesy Yumburger, sandwich only",https://order.jollibee.com/en/ph/menu,IDENTITY_ONLY_NOT_NUTRITION,MODEL_ASSUMPTIONS_NOT_BRAND_FACTS,Low,137,Generic cooked beef and bun proportions; no measured brand patty or sandwich weight.
FC002216,EST_PH_RESTAURANT_007_V1,Jollibee,"Jollibee Philippines Champ, sandwich only (estimate)","Champ, sandwich only",https://order.jollibee.com/en/ph/menu,IDENTITY_ONLY_NOT_NUTRITION,MODEL_ASSUMPTIONS_NOT_BRAND_FACTS,Low,222,Generic cooked beef and bun proportions; no measured brand patty or sandwich weight.
FC002217,EST_PH_RESTAURANT_008_V1,Jollibee,"Jollibee Philippines Champ Jr., sandwich only (estimate)","Champ Jr., sandwich only",https://order.jollibee.com/en/ph/menu,IDENTITY_ONLY_NOT_NUTRITION,MODEL_ASSUMPTIONS_NOT_BRAND_FACTS,Low,160,Generic cooked beef and bun proportions; no measured brand patty or sandwich weight.
FC002218,EST_PH_RESTAURANT_009_V1,Jollibee,"Jollibee Philippines Amazing Aloha Champ Jr., sandwich only (estimate)","Amazing Aloha Champ Jr., sandwich only",https://order.jollibee.com/en/ph/menu,IDENTITY_ONLY_NOT_NUTRITION,MODEL_ASSUMPTIONS_NOT_BRAND_FACTS,Low,182,Generic cooked beef and bun proportions; no measured brand patty or sandwich weight.
FC002219,EST_PH_RESTAURANT_010_V1,Jollibee,"Jollibee Philippines Jolly Spaghetti, pasta and sauce only (estimate)","Jolly Spaghetti, pasta and sauce only",https://order.jollibee.com/en/ph/menu,IDENTITY_ONLY_NOT_NUTRITION,MODEL_ASSUMPTIONS_NOT_BRAND_FACTS,Low,305,"Assumed sweet tomato, hotdog and beef sauce."
FC002220,EST_PH_RESTAURANT_011_V1,Jollibee,"Jollibee Philippines Palabok, noodles and toppings only (estimate)","Palabok, noodles and toppings only",https://order.jollibee.com/en/ph/menu,IDENTITY_ONLY_NOT_NUTRITION,MODEL_ASSUMPTIONS_NOT_BRAND_FACTS,Low,308,Simplified shrimp/pork/egg sauce proxy; not a published restaurant recipe.
FC002221,EST_PH_RESTAURANT_012_V1,Jollibee,"Jollibee Philippines Burger Steak, patty and gravy only (estimate)","Burger Steak, patty and gravy only",https://order.jollibee.com/en/ph/menu,IDENTITY_ONLY_NOT_NUTRITION,MODEL_ASSUMPTIONS_NOT_BRAND_FACTS,Low,130,Crumbled cooked beef proxies patty; rice excluded.
FC002222,EST_PH_RESTAURANT_013_V1,Jollibee,"Jollibee Philippines Pepper Cream Chicken Fillet, fillet and sauce only (estimate)","Pepper Cream Chicken Fillet, fillet and sauce only",https://order.jollibee.com/en/ph/menu,IDENTITY_ONLY_NOT_NUTRITION,MODEL_ASSUMPTIONS_NOT_BRAND_FACTS,Low,150.5,Generic fried white meat and assumed cream sauce; rice excluded.
FC002223,EST_PH_RESTAURANT_014_V1,Jollibee,"Jollibee Philippines Crunchy Chicken Sandwich, sandwich only (estimate)","Crunchy Chicken Sandwich, sandwich only",https://order.jollibee.com/en/ph/menu,IDENTITY_ONLY_NOT_NUTRITION,MODEL_ASSUMPTIONS_NOT_BRAND_FACTS,Low,153,
FC002224,EST_PH_RESTAURANT_015_V1,Jollibee,"Jollibee Philippines Cheesy Classic Jolly Hotdog, sandwich only (estimate)","Cheesy Classic Jolly Hotdog, sandwich only",https://order.jollibee.com/en/ph/menu,IDENTITY_ONLY_NOT_NUTRITION,MODEL_ASSUMPTIONS_NOT_BRAND_FACTS,Low,145,
FC002225,EST_PH_RESTAURANT_016_V1,Jollibee,Jollibee Philippines Peach Mango Pie (estimate),Peach Mango Pie,https://order.jollibee.com/en/ph/menu,IDENTITY_ONLY_NOT_NUTRITION,MODEL_ASSUMPTIONS_NOT_BRAND_FACTS,Low,103,"Peach baked pie plus mango and oil is a coarse fried-pie proxy, not actual crust or filling."
FC002226,EST_PH_RESTAURANT_017_V1,Jollibee,"Jollibee Philippines Chicken Nuggets, no dipping sauce (estimate)","Chicken Nuggets, no dipping sauce",https://order.jollibee.com/en/ph/menu,IDENTITY_ONLY_NOT_NUTRITION,MODEL_ASSUMPTIONS_NOT_BRAND_FACTS,Low,100,
FC002227,EST_PH_RESTAURANT_018_V1,Jollibee,"Jollibee Philippines Jolly Crispy Fries, no dipping sauce (estimate)","Jolly Crispy Fries, no dipping sauce",https://order.jollibee.com/en/ph/menu,IDENTITY_ONLY_NOT_NUTRITION,MODEL_ASSUMPTIONS_NOT_BRAND_FACTS,Low,100,
FC002228,EST_PH_RESTAURANT_019_V1,Jollibee,Jollibee Philippines Mashed Potato with gravy (estimate),Mashed Potato with gravy,https://order.jollibee.com/en/ph/menu,IDENTITY_ONLY_NOT_NUTRITION,MODEL_ASSUMPTIONS_NOT_BRAND_FACTS,Low,145,
FC002229,EST_PH_RESTAURANT_020_V1,Jollibee,Jollibee Philippines Chicken Macaroni Soup (estimate),Chicken Macaroni Soup,https://order.jollibee.com/en/ph/menu,IDENTITY_ONLY_NOT_NUTRITION,MODEL_ASSUMPTIONS_NOT_BRAND_FACTS,Low,281,
FC002230,EST_PH_RESTAURANT_021_V1,Jollibee,Jollibee Philippines Chocolate Sundae (estimate),Chocolate Sundae,https://order.jollibee.com/en/ph/menu,IDENTITY_ONLY_NOT_NUTRITION,MODEL_ASSUMPTIONS_NOT_BRAND_FACTS,Low,120,
FC002231,EST_PH_RESTAURANT_022_V1,Jollibee,Jollibee Philippines Cookies and Cream Sundae (estimate),Cookies and Cream Sundae,https://order.jollibee.com/en/ph/menu,IDENTITY_ONLY_NOT_NUTRITION,MODEL_ASSUMPTIONS_NOT_BRAND_FACTS,Low,120,
FC002232,EST_PH_RESTAURANT_023_V1,Jollibee,"Jollibee Philippines Iced Latte, modeled milk-coffee mixture (estimate)","Iced Latte, modeled milk-coffee mixture",https://order.jollibee.com/en/ph/menu,IDENTITY_ONLY_NOT_NUTRITION,MODEL_ASSUMPTIONS_NOT_BRAND_FACTS,Low,300,Includes assumed melted ice; sweetener excluded. Weigh liquid; no ml density assumed.
FC002233,EST_PH_RESTAURANT_024_V1,Jollibee,"Jollibee Philippines Iced Mocha, modeled milk-coffee mixture (estimate)","Iced Mocha, modeled milk-coffee mixture",https://order.jollibee.com/en/ph/menu,IDENTITY_ONLY_NOT_NUTRITION,MODEL_ASSUMPTIONS_NOT_BRAND_FACTS,Low,305,Includes assumed melted ice; no density assumed.
FC002234,EST_PH_RESTAURANT_025_V1,Jollibee,"Jollibee Philippines Iced Caramel, modeled milk-coffee mixture (estimate)","Iced Caramel, modeled milk-coffee mixture",https://order.jollibee.com/en/ph/menu,IDENTITY_ONLY_NOT_NUTRITION,MODEL_ASSUMPTIONS_NOT_BRAND_FACTS,Low,305,Includes assumed melted ice; no density assumed.
FC002235,EST_PH_RESTAURANT_026_V1,McDonald's,"McDonald's Philippines Hamburger, sandwich only (estimate)","Hamburger, sandwich only",https://www.mcdonalds.com.ph/our-food,IDENTITY_ONLY_NOT_NUTRITION,MODEL_ASSUMPTIONS_NOT_BRAND_FACTS,Low,110,Reference proportions only; actual patty/bun weights unknown.
FC002236,EST_PH_RESTAURANT_027_V1,McDonald's,"McDonald's Philippines Cheeseburger, sandwich only (estimate)","Cheeseburger, sandwich only",https://www.mcdonalds.com.ph/our-food,IDENTITY_ONLY_NOT_NUTRITION,MODEL_ASSUMPTIONS_NOT_BRAND_FACTS,Low,125,Reference proportions only; actual patty/bun weights unknown.
FC002237,EST_PH_RESTAURANT_028_V1,McDonald's,"McDonald's Philippines Big Mac, sandwich only (estimate)","Big Mac, sandwich only",https://www.mcdonalds.com.ph/our-food,IDENTITY_ONLY_NOT_NUTRITION,MODEL_ASSUMPTIONS_NOT_BRAND_FACTS,Low,233,Reference proportions only; actual patty/bun weights unknown.
FC002238,EST_PH_RESTAURANT_029_V1,McDonald's,"McDonald's Philippines Quarter Pounder with Cheese, sandwich only (estimate)","Quarter Pounder with Cheese, sandwich only",https://www.mcdonalds.com.ph/our-food,IDENTITY_ONLY_NOT_NUTRITION,MODEL_ASSUMPTIONS_NOT_BRAND_FACTS,Low,195,"85 g cooked beef is an assumed proxy, not conversion of the raw brand weight claim."
FC002239,EST_PH_RESTAURANT_030_V1,McDonald's,"McDonald's Philippines Burger McDo, sandwich only (estimate)","Burger McDo, sandwich only",https://www.foodpanda.ph/restaurant/mulw/mcdonalds-ayala-malls-manila-bay-mulw,IDENTITY_ONLY_NOT_NUTRITION,MODEL_ASSUMPTIONS_NOT_BRAND_FACTS,Low,107,
FC002240,EST_PH_RESTAURANT_031_V1,McDonald's,"McDonald's Philippines Cheesy Burger McDo, sandwich only (estimate)","Cheesy Burger McDo, sandwich only",https://www.foodpanda.ph/restaurant/mulw/mcdonalds-ayala-malls-manila-bay-mulw,IDENTITY_ONLY_NOT_NUTRITION,MODEL_ASSUMPTIONS_NOT_BRAND_FACTS,Low,122,
FC002241,EST_PH_RESTAURANT_032_V1,McDonald's,"McDonald's Philippines Crispy Chicken Sandwich, sandwich only (estimate)","Crispy Chicken Sandwich, sandwich only",https://www.foodpanda.ph/restaurant/mulw/mcdonalds-ayala-malls-manila-bay-mulw,IDENTITY_ONLY_NOT_NUTRITION,MODEL_ASSUMPTIONS_NOT_BRAND_FACTS,Low,153,
FC002242,EST_PH_RESTAURANT_033_V1,McDonald's,"McDonald's Philippines Chicken McDo, edible chicken only (estimate)","Chicken McDo, edible chicken only",https://www.foodpanda.ph/restaurant/mulw/mcdonalds-ayala-malls-manila-bay-mulw,IDENTITY_ONLY_NOT_NUTRITION,MODEL_ASSUMPTIONS_NOT_BRAND_FACTS,Low,100,"Rice, bones and gravy excluded."
FC002243,EST_PH_RESTAURANT_034_V1,McDonald's,"McDonald's Philippines Crispy Chicken Fillet, fillet only (estimate)","Crispy Chicken Fillet, fillet only",https://www.foodpanda.ph/restaurant/mulw/mcdonalds-ayala-malls-manila-bay-mulw,IDENTITY_ONLY_NOT_NUTRITION,MODEL_ASSUMPTIONS_NOT_BRAND_FACTS,Low,100,Rice and gravy excluded.
FC002244,EST_PH_RESTAURANT_035_V1,McDonald's,"McDonald's Philippines Crispy Chicken Fillet Ala King, fillet and sauce only (estimate)","Crispy Chicken Fillet Ala King, fillet and sauce only",https://www.foodpanda.ph/restaurant/mulw/mcdonalds-ayala-malls-manila-bay-mulw,IDENTITY_ONLY_NOT_NUTRITION,MODEL_ASSUMPTIONS_NOT_BRAND_FACTS,Low,155.5,
FC002245,EST_PH_RESTAURANT_036_V1,McDonald's,"McDonald's Philippines Mushroom Pepper Steak, patty and sauce only (estimate)","Mushroom Pepper Steak, patty and sauce only",https://www.foodpanda.ph/restaurant/mulw/mcdonalds-ayala-malls-manila-bay-mulw,IDENTITY_ONLY_NOT_NUTRITION,MODEL_ASSUMPTIONS_NOT_BRAND_FACTS,Low,130,
FC002246,EST_PH_RESTAURANT_037_V1,McDonald's,"McDonald's Philippines Chicken McNuggets, without dip (estimate)","Chicken McNuggets, without dip",https://www.mcdonalds.com.ph/our-food,IDENTITY_ONLY_NOT_NUTRITION,MODEL_ASSUMPTIONS_NOT_BRAND_FACTS,Low,100,Generic nugget formulation; actual batter unknown.
FC002247,EST_PH_RESTAURANT_038_V1,McDonald's,"McDonald's Philippines Fries, without dip (estimate)","Fries, without dip",https://www.foodpanda.ph/restaurant/mulw/mcdonalds-ayala-malls-manila-bay-mulw,IDENTITY_ONLY_NOT_NUTRITION,MODEL_ASSUMPTIONS_NOT_BRAND_FACTS,Low,100,
FC002248,EST_PH_RESTAURANT_039_V1,McDonald's,McDonald's Philippines Hash Browns (estimate),Hash Browns,https://www.foodpanda.ph/restaurant/mulw/mcdonalds-ayala-malls-manila-bay-mulw,IDENTITY_ONLY_NOT_NUTRITION,MODEL_ASSUMPTIONS_NOT_BRAND_FACTS,Low,100,
FC002249,EST_PH_RESTAURANT_040_V1,McDonald's,"McDonald's Philippines Hotcakes, without syrup or butter (estimate)","Hotcakes, without syrup or butter",https://www.foodpanda.ph/restaurant/mulw/mcdonalds-ayala-malls-manila-bay-mulw,IDENTITY_ONLY_NOT_NUTRITION,MODEL_ASSUMPTIONS_NOT_BRAND_FACTS,Low,100,
FC002250,EST_PH_RESTAURANT_041_V1,McDonald's,"McDonald's Philippines Sausage McMuffin, sandwich only (estimate)","Sausage McMuffin, sandwich only",https://www.foodpanda.ph/restaurant/mulw/mcdonalds-ayala-malls-manila-bay-mulw,IDENTITY_ONLY_NOT_NUTRITION,MODEL_ASSUMPTIONS_NOT_BRAND_FACTS,Low,125.5,Plain bun and cooked ground pork proxy English muffin and seasoned sausage.
FC002251,EST_PH_RESTAURANT_042_V1,McDonald's,"McDonald's Philippines Sausage McMuffin with Egg, sandwich only (estimate)","Sausage McMuffin with Egg, sandwich only",https://www.foodpanda.ph/restaurant/mulw/mcdonalds-ayala-malls-manila-bay-mulw,IDENTITY_ONLY_NOT_NUTRITION,MODEL_ASSUMPTIONS_NOT_BRAND_FACTS,Low,175.5,"Plain bun, ground pork and boiled egg proxy muffin, sausage and cooked egg."
FC002252,EST_PH_RESTAURANT_043_V1,McDonald's,"McDonald's Philippines Cheesy Eggdesal, sandwich only (estimate)","Cheesy Eggdesal, sandwich only",https://www.foodpanda.ph/restaurant/mulw/mcdonalds-ayala-malls-manila-bay-mulw,IDENTITY_ONLY_NOT_NUTRITION,MODEL_ASSUMPTIONS_NOT_BRAND_FACTS,Low,115,Plain bun proxies pandesal.
FC002253,EST_PH_RESTAURANT_044_V1,McDonald's,"McDonald's Philippines Cheesy Eggdesal with Sausage, sandwich only (estimate)","Cheesy Eggdesal with Sausage, sandwich only",https://www.foodpanda.ph/restaurant/mulw/mcdonalds-ayala-malls-manila-bay-mulw,IDENTITY_ONLY_NOT_NUTRITION,MODEL_ASSUMPTIONS_NOT_BRAND_FACTS,Low,165.5,Plain bun and cooked ground pork proxy bread and seasoned sausage.
FC002254,EST_PH_RESTAURANT_045_V1,McDonald's,McDonald's Philippines Plain Sundae (estimate),Plain Sundae,https://www.foodpanda.ph/restaurant/mulw/mcdonalds-ayala-malls-manila-bay-mulw,IDENTITY_ONLY_NOT_NUTRITION,MODEL_ASSUMPTIONS_NOT_BRAND_FACTS,Low,100,
FC002255,EST_PH_RESTAURANT_046_V1,McDonald's,McDonald's Philippines Hot Fudge Sundae (estimate),Hot Fudge Sundae,https://www.foodpanda.ph/restaurant/mulw/mcdonalds-ayala-malls-manila-bay-mulw,IDENTITY_ONLY_NOT_NUTRITION,MODEL_ASSUMPTIONS_NOT_BRAND_FACTS,Low,120,
FC002256,EST_PH_RESTAURANT_047_V1,McDonald's,McDonald's Philippines Hot Caramel Sundae (estimate),Hot Caramel Sundae,https://www.foodpanda.ph/restaurant/mulw/mcdonalds-ayala-malls-manila-bay-mulw,IDENTITY_ONLY_NOT_NUTRITION,MODEL_ASSUMPTIONS_NOT_BRAND_FACTS,Low,120,
FC002257,EST_PH_RESTAURANT_048_V1,McDonald's,McDonald's Philippines McFlurry with Oreo (estimate),McFlurry with Oreo,https://www.foodpanda.ph/restaurant/mulw/mcdonalds-ayala-malls-manila-bay-mulw,IDENTITY_ONLY_NOT_NUTRITION,MODEL_ASSUMPTIONS_NOT_BRAND_FACTS,Low,125,Generic creme sandwich cookie proxies Oreo; not package-specific cookie values.
FC002258,EST_PH_RESTAURANT_049_V1,McDonald's,McDonald's Philippines McFlurry Strawberry with Oreo (estimate),McFlurry Strawberry with Oreo,https://www.foodpanda.ph/restaurant/mulw/mcdonalds-ayala-malls-manila-bay-mulw,IDENTITY_ONLY_NOT_NUTRITION,MODEL_ASSUMPTIONS_NOT_BRAND_FACTS,Low,145,"Generic topping and cookie formulation, no official brand ratio."
FC002259,EST_PH_RESTAURANT_050_V1,McDonald's,McDonald's Philippines McCafe Coffee McFloat (estimate),McCafe Coffee McFloat,https://www.foodpanda.ph/restaurant/mulw/mcdonalds-ayala-malls-manila-bay-mulw,IDENTITY_ONLY_NOT_NUTRITION,MODEL_ASSUMPTIONS_NOT_BRAND_FACTS,Low,295,"Assumed coffee/ice/soft-serve ratio; weigh liquid, no density assumed."
FC002260,EST_PH_RESTAURANT_051_V1,KFC,"KFC Philippines Original Recipe Chicken, edible chicken only (estimate)","Original Recipe Chicken, edible chicken only",https://www.kfc.com.ph/en/menu,IDENTITY_ONLY_NOT_NUTRITION,MODEL_ASSUMPTIONS_NOT_BRAND_FACTS,Low,100,"Generic flour-fried meat and skin; no bones, gravy or rice."
FC002261,EST_PH_RESTAURANT_052_V1,KFC,"KFC Philippines Zinger Burger, sandwich only (estimate)","Zinger Burger, sandwich only",https://www.kfc.com.ph/en/menu,IDENTITY_ONLY_NOT_NUTRITION,MODEL_ASSUMPTIONS_NOT_BRAND_FACTS,Low,175,
FC002262,EST_PH_RESTAURANT_053_V1,KFC,"KFC Philippines Chicken Burger, sandwich only (estimate)","Chicken Burger, sandwich only",https://www.kfc.com.ph/en/menu,IDENTITY_ONLY_NOT_NUTRITION,MODEL_ASSUMPTIONS_NOT_BRAND_FACTS,Low,122,
FC002263,EST_PH_RESTAURANT_054_V1,KFC,"KFC Philippines Flavor Shots, chicken bites only (estimate)","Flavor Shots, chicken bites only",https://www.kfc.com.ph/en/menu,IDENTITY_ONLY_NOT_NUTRITION,MODEL_ASSUMPTIONS_NOT_BRAND_FACTS,Low,100,Coarse generic breaded fried-chicken proxy; breading ratio unknown.
FC002264,EST_PH_RESTAURANT_055_V1,KFC,KFC Philippines Famous Bowl (estimate),Famous Bowl,https://www.kfc.com.ph/en/menu,IDENTITY_ONLY_NOT_NUTRITION,MODEL_ASSUMPTIONS_NOT_BRAND_FACTS,Low,280,"Assumed mashed-potato, chicken, corn, cheese and gravy mixture."
FC002265,EST_PH_RESTAURANT_056_V1,KFC,"KFC Philippines Ala King Zinger Steak, fillet and sauce only (estimate)","Ala King Zinger Steak, fillet and sauce only",https://www.kfc.com.ph/en/menu,IDENTITY_ONLY_NOT_NUTRITION,MODEL_ASSUMPTIONS_NOT_BRAND_FACTS,Low,177.5,
FC002266,EST_PH_RESTAURANT_057_V1,KFC,KFC Philippines Ala King Rice Bowl (estimate),Ala King Rice Bowl,https://www.kfc.com.ph/en/menu,IDENTITY_ONLY_NOT_NUTRITION,MODEL_ASSUMPTIONS_NOT_BRAND_FACTS,Low,275.5,
FC002267,EST_PH_RESTAURANT_058_V1,KFC,"KFC Philippines Spaghetti, pasta and sauce only (estimate)","Spaghetti, pasta and sauce only",https://www.kfc.com.ph/en/menu,IDENTITY_ONLY_NOT_NUTRITION,MODEL_ASSUMPTIONS_NOT_BRAND_FACTS,Low,305,
FC002268,EST_PH_RESTAURANT_059_V1,KFC,KFC Philippines Mashed Potato with gravy (estimate),Mashed Potato with gravy,https://www.kfc.com.ph/en/menu,IDENTITY_ONLY_NOT_NUTRITION,MODEL_ASSUMPTIONS_NOT_BRAND_FACTS,Low,145,
FC002269,EST_PH_RESTAURANT_060_V1,KFC,KFC Philippines Buttered Corn (estimate),Buttered Corn,https://www.kfc.com.ph/en/menu,IDENTITY_ONLY_NOT_NUTRITION,MODEL_ASSUMPTIONS_NOT_BRAND_FACTS,Low,108,
FC002270,EST_PH_RESTAURANT_061_V1,KFC,KFC Philippines Mushroom Soup (estimate),Mushroom Soup,https://www.kfc.com.ph/en/menu,IDENTITY_ONLY_NOT_NUTRITION,MODEL_ASSUMPTIONS_NOT_BRAND_FACTS,Low,200,Canned mushroom soup plus assumed 1:1 water dilution; actual restaurant concentration unknown.
FC002271,EST_PH_RESTAURANT_062_V1,KFC,"KFC Philippines Zinger Double Down, sandwich only (estimate)","Zinger Double Down, sandwich only",https://www.kfc.com.ph/en/menu,IDENTITY_ONLY_NOT_NUTRITION,MODEL_ASSUMPTIONS_NOT_BRAND_FACTS,Low,248,Two fillets form the sandwich; no bun. All weights assumed.
FC002272,EST_PH_RESTAURANT_063_V1,KFC,"KFC Philippines Original Recipe Double Down, sandwich only (estimate)","Original Recipe Double Down, sandwich only",https://www.kfc.com.ph/en/menu,IDENTITY_ONLY_NOT_NUTRITION,MODEL_ASSUMPTIONS_NOT_BRAND_FACTS,Low,245,
FC002273,EST_PH_RESTAURANT_064_V1,KFC,"KFC Philippines AM Egg Pandesal, sandwich only (estimate)","AM Egg Pandesal, sandwich only",https://www.kfc.com.ph/en/menu,IDENTITY_ONLY_NOT_NUTRITION,MODEL_ASSUMPTIONS_NOT_BRAND_FACTS,Low,108,Plain bun proxies pandesal.
FC002274,EST_PH_RESTAURANT_065_V1,KFC,KFC Philippines AM Steak Rice Bowl (estimate),AM Steak Rice Bowl,https://www.kfc.com.ph/en/menu,IDENTITY_ONLY_NOT_NUTRITION,MODEL_ASSUMPTIONS_NOT_BRAND_FACTS,Low,285,
FC002275,EST_PH_RESTAURANT_066_V1,KFC,KFC Philippines AM Cheese Hotdog Rice Bowl (estimate),AM Cheese Hotdog Rice Bowl,https://www.kfc.com.ph/en/menu,IDENTITY_ONLY_NOT_NUTRITION,MODEL_ASSUMPTIONS_NOT_BRAND_FACTS,Low,265,
FC002276,EST_PH_RESTAURANT_067_V1,Mang Inasal,"Mang Inasal Philippines Chicken Inasal Paa, edible chicken only (estimate)","Chicken Inasal Paa, edible chicken only",https://www.manginasal.ph/menu,IDENTITY_ONLY_NOT_NUTRITION,MODEL_ASSUMPTIONS_NOT_BRAND_FACTS,Low,113,Whole seasoned roast proxies leg meat and skin; cut-specific composition unverified. No rice or bones.
FC002277,EST_PH_RESTAURANT_068_V1,Mang Inasal,"Mang Inasal Philippines Chicken Inasal Pecho, edible chicken only (estimate)","Chicken Inasal Pecho, edible chicken only",https://www.manginasal.ph/menu,IDENTITY_ONLY_NOT_NUTRITION,MODEL_ASSUMPTIONS_NOT_BRAND_FACTS,Low,113,Boiled white meat and roasted skin proxy grilled breast meat and skin; rice/bones excluded.
FC002278,EST_PH_RESTAURANT_069_V1,Mang Inasal,"Mang Inasal Philippines Pork BBQ, meat only (estimate)","Pork BBQ, meat only",https://www.manginasal.ph/menu,IDENTITY_ONLY_NOT_NUTRITION,MODEL_ASSUMPTIONS_NOT_BRAND_FACTS,Low,100,"Generic FNRI barbecue; stick, rice and dipping sauces excluded."
FC002279,EST_PH_RESTAURANT_070_V1,Mang Inasal,"Mang Inasal Philippines Spicy Pork BBQ, meat only (estimate)","Spicy Pork BBQ, meat only",https://www.manginasal.ph/menu,IDENTITY_ONLY_NOT_NUTRITION,MODEL_ASSUMPTIONS_NOT_BRAND_FACTS,Low,104,
FC002280,EST_PH_RESTAURANT_071_V1,Mang Inasal,"Mang Inasal Philippines Grilled Liempo, meat only (estimate)","Grilled Liempo, meat only",https://www.manginasal.ph/menu,IDENTITY_ONLY_NOT_NUTRITION,MODEL_ASSUMPTIONS_NOT_BRAND_FACTS,Low,108,Rice and dipping sauces excluded.
FC002281,EST_PH_RESTAURANT_072_V1,Mang Inasal,"Mang Inasal Philippines Sizzling Liempo, meat and assumed sauce only (estimate)","Sizzling Liempo, meat and assumed sauce only",https://www.manginasal.ph/menu,IDENTITY_ONLY_NOT_NUTRITION,MODEL_ASSUMPTIONS_NOT_BRAND_FACTS,Low,145,Sauce is a generic proxy; rice excluded.
FC002282,EST_PH_RESTAURANT_073_V1,Mang Inasal,"Mang Inasal Philippines Pork Sisig, dish only (estimate)","Pork Sisig, dish only",https://www.manginasal.ph/menu,IDENTITY_ONLY_NOT_NUTRITION,MODEL_ASSUMPTIONS_NOT_BRAND_FACTS,Low,135,Simplified belly/white-meat proxy; actual offal mix unknown. Rice excluded.
FC002283,EST_PH_RESTAURANT_074_V1,Mang Inasal,"Mang Inasal Philippines Bangus Sisig, dish only (estimate)","Bangus Sisig, dish only",https://www.manginasal.ph/menu,IDENTITY_ONLY_NOT_NUTRITION,MODEL_ASSUMPTIONS_NOT_BRAND_FACTS,Low,140,
FC002284,EST_PH_RESTAURANT_075_V1,Mang Inasal,"Mang Inasal Philippines Palabok, noodles and toppings only (estimate)","Palabok, noodles and toppings only",https://www.manginasal.ph/menu,IDENTITY_ONLY_NOT_NUTRITION,MODEL_ASSUMPTIONS_NOT_BRAND_FACTS,Low,308,
FC002285,EST_PH_RESTAURANT_076_V1,Mang Inasal,"Mang Inasal Philippines Lumpiang Togue, roll only (estimate)","Lumpiang Togue, roll only",https://www.manginasal.ph/menu,IDENTITY_ONLY_NOT_NUTRITION,MODEL_ASSUMPTIONS_NOT_BRAND_FACTS,Low,100,Generic cooked vegetable/meat egg-roll proxy; actual sprouts/wrapper ratio unknown.
FC002286,EST_PH_RESTAURANT_077_V1,Mang Inasal,Mang Inasal Philippines Extra Creamy Halo-Halo (estimate),Extra Creamy Halo-Halo,https://www.manginasal.ph/menu,IDENTITY_ONLY_NOT_NUTRITION,MODEL_ASSUMPTIONS_NOT_BRAND_FACTS,Low,310,
FC002287,EST_PH_RESTAURANT_078_V1,Mang Inasal,Mang Inasal Philippines Crema de Leche Halo-Halo (estimate),Crema de Leche Halo-Halo,https://www.manginasal.ph/menu,IDENTITY_ONLY_NOT_NUTRITION,MODEL_ASSUMPTIONS_NOT_BRAND_FACTS,Low,330,"Assumed ice, banana and milk/flan mixture; actual toppings and dilution vary."
FC002288,EST_PH_RESTAURANT_079_V1,Chowking,"Chowking Philippines Pork Chao Fan, rice only (estimate)","Pork Chao Fan, rice only",https://www.chowking.ph/menu/allergen-declaration,IDENTITY_ONLY_NOT_NUTRITION,MODEL_ASSUMPTIONS_NOT_BRAND_FACTS,Low,281,"Cooked rice, egg, vegetables and pork; no siomai topping."
FC002289,EST_PH_RESTAURANT_080_V1,Chowking,"Chowking Philippines Beef Chao Fan, rice only (estimate)","Beef Chao Fan, rice only",https://www.chowking.ph/menu/allergen-declaration,IDENTITY_ONLY_NOT_NUTRITION,MODEL_ASSUMPTIONS_NOT_BRAND_FACTS,Low,281,
FC002290,EST_PH_RESTAURANT_081_V1,Chowking,"Chowking Philippines Spicy Chao Fan, rice only (estimate)","Spicy Chao Fan, rice only",https://www.chowking.ph/menu/allergen-declaration,IDENTITY_ONLY_NOT_NUTRITION,MODEL_ASSUMPTIONS_NOT_BRAND_FACTS,Low,288,
FC002291,EST_PH_RESTAURANT_082_V1,Chowking,"Chowking Philippines Chinese-Style Fried Chicken, edible chicken only (estimate)","Chinese-Style Fried Chicken, edible chicken only",https://www.chowking.ph/menu/allergen-declaration,IDENTITY_ONLY_NOT_NUTRITION,MODEL_ASSUMPTIONS_NOT_BRAND_FACTS,Low,103,"Rice, gravy and bones excluded."
FC002292,EST_PH_RESTAURANT_083_V1,Chowking,Chowking Philippines Chunky Asado Siopao (estimate),Chunky Asado Siopao,https://www.chowking.ph/menu/allergen-declaration,IDENTITY_ONLY_NOT_NUTRITION,MODEL_ASSUMPTIONS_NOT_BRAND_FACTS,Low,100,"Generic FNRI pork-filled steamed bun, not exact asado formulation."
FC002293,EST_PH_RESTAURANT_084_V1,Chowking,Chowking Philippines Bola-Bola Siopao (estimate),Bola-Bola Siopao,https://www.chowking.ph/menu/allergen-declaration,IDENTITY_ONLY_NOT_NUTRITION,MODEL_ASSUMPTIONS_NOT_BRAND_FACTS,Low,110,Generic pork bun plus assumed egg addition; actual filling differs.
FC002294,EST_PH_RESTAURANT_085_V1,Chowking,"Chowking Philippines Pork Siomai, no dipping sauce (estimate)","Pork Siomai, no dipping sauce",https://www.chowking.ph/menu/allergen-declaration,IDENTITY_ONLY_NOT_NUTRITION,MODEL_ASSUMPTIONS_NOT_BRAND_FACTS,Low,105,Cooked egg noodles proxy hydrated wrapper; exact wrapper and fat mix unknown.
FC002295,EST_PH_RESTAURANT_086_V1,Chowking,"Chowking Philippines Beef Siomai, no dipping sauce (estimate)","Beef Siomai, no dipping sauce",https://www.chowking.ph/menu/allergen-declaration,IDENTITY_ONLY_NOT_NUTRITION,MODEL_ASSUMPTIONS_NOT_BRAND_FACTS,Low,105,Cooked noodles proxy hydrated wrapper.
FC002296,EST_PH_RESTAURANT_087_V1,Chowking,Chowking Philippines Pancit Canton (estimate),Pancit Canton,https://www.chowking.ph/menu/allergen-declaration,IDENTITY_ONLY_NOT_NUTRITION,MODEL_ASSUMPTIONS_NOT_BRAND_FACTS,Low,100,"US Chinese chicken chow mein is a coarse cooked-noodle proxy, not PH brand analysis."
FC002297,EST_PH_RESTAURANT_088_V1,Chowking,Chowking Philippines Wonton Soup (estimate),Wonton Soup,https://www.chowking.ph/menu/allergen-declaration,IDENTITY_ONLY_NOT_NUTRITION,MODEL_ASSUMPTIONS_NOT_BRAND_FACTS,Low,255.5,Hydrated noodle proxy for wonton wrapper; broth modeled separately.
FC002298,EST_PH_RESTAURANT_089_V1,Chowking,"Chowking Philippines Sweet and Sour Chicken, dish only (estimate)","Sweet and Sour Chicken, dish only",https://www.chowking.ph/menu/allergen-declaration,IDENTITY_ONLY_NOT_NUTRITION,MODEL_ASSUMPTIONS_NOT_BRAND_FACTS,Low,100,US restaurant reference proxy; rice excluded.
FC002299,EST_PH_RESTAURANT_090_V1,Chowking,"Chowking Philippines Sweet and Sour Pork, dish only (estimate)","Sweet and Sour Pork, dish only",https://www.chowking.ph/menu/allergen-declaration,IDENTITY_ONLY_NOT_NUTRITION,MODEL_ASSUMPTIONS_NOT_BRAND_FACTS,Low,100,US restaurant reference proxy; rice excluded.
FC002300,EST_PH_RESTAURANT_091_V1,Chowking,Chowking Philippines Halo-Halo Supreme (estimate),Halo-Halo Supreme,https://www.chowking.ph/menu/allergen-declaration,IDENTITY_ONLY_NOT_NUTRITION,MODEL_ASSUMPTIONS_NOT_BRAND_FACTS,Low,335,
FC002301,EST_PH_RESTAURANT_092_V1,Chowking,Chowking Philippines Chicharap (estimate),Chicharap,https://www.chowking.ph/menu/allergen-declaration,IDENTITY_ONLY_NOT_NUTRITION,MODEL_ASSUMPTIONS_NOT_BRAND_FACTS,Low,100,Generic prawn cracker reference; dipping sauce excluded.
FC002302,EST_PH_RESTAURANT_093_V1,Chowking,Chowking Philippines Lotus Buchi (estimate),Lotus Buchi,https://www.chowking.ph/menu/allergen-declaration,IDENTITY_ONLY_NOT_NUTRITION,MODEL_ASSUMPTIONS_NOT_BRAND_FACTS,Low,100,Generic bean-filled sesame rice ball proxies lotus filling; not exact ingredient match.
FC002303,EST_PH_RESTAURANT_094_V1,Chowking,Chowking Philippines Choco Buchi (estimate),Choco Buchi,https://www.chowking.ph/menu/allergen-declaration,IDENTITY_ONLY_NOT_NUTRITION,MODEL_ASSUMPTIONS_NOT_BRAND_FACTS,Low,100,Generic sesame rice ball and chocolate filling proxy.
FC002304,EST_PH_RESTAURANT_095_V1,Ramen Kuroda,"Ramen Kuroda Philippines Shiro Ramen, noodles pork and broth (estimate)","Shiro Ramen, noodles pork and broth",https://www.kuroda.ph/menu,IDENTITY_ONLY_NOT_NUTRITION,MODEL_ASSUMPTIONS_NOT_BRAND_FACTS,Low,601.5,"Assumed noodles, pork and broth mixture. Water/milk/fat proxy tonkotsu emulsion, not actual ingredients. Includes all modeled broth; no standard bowl weight. Seasoning and fat vary substantially."
FC002305,EST_PH_RESTAURANT_096_V1,Ramen Kuroda,"Ramen Kuroda Philippines Kuro Ramen, noodles pork and broth (estimate)","Kuro Ramen, noodles pork and broth",https://www.kuroda.ph/menu,IDENTITY_ONLY_NOT_NUTRITION,MODEL_ASSUMPTIONS_NOT_BRAND_FACTS,Low,617.5,"Assumed noodles, pork and broth mixture. Water/milk/fat proxy tonkotsu emulsion, not actual ingredients. Includes all modeled broth; no standard bowl weight. Seasoning and fat vary substantially. Garlic/oil proxies black garlic oil."
FC002306,EST_PH_RESTAURANT_097_V1,Ramen Kuroda,"Ramen Kuroda Philippines Aka Ramen, noodles pork and broth (estimate)","Aka Ramen, noodles pork and broth",https://www.kuroda.ph/menu,IDENTITY_ONLY_NOT_NUTRITION,MODEL_ASSUMPTIONS_NOT_BRAND_FACTS,Low,614.5,"Assumed noodles, pork and broth mixture. Water/milk/fat proxy tonkotsu emulsion, not actual ingredients. Includes all modeled broth; no standard bowl weight. Seasoning and fat vary substantially."
FC002307,EST_PH_RESTAURANT_098_V1,Ramen Kuroda,"Ramen Kuroda Philippines Shiro Chashumen, noodles extra pork and broth (estimate)","Shiro Chashumen, noodles extra pork and broth",https://www.kuroda.ph/menu,IDENTITY_ONLY_NOT_NUTRITION,MODEL_ASSUMPTIONS_NOT_BRAND_FACTS,Low,651.5,"Assumed noodles, pork and broth mixture. Water/milk/fat proxy tonkotsu emulsion, not actual ingredients. Includes all modeled broth; no standard bowl weight. Seasoning and fat vary substantially."
FC002308,EST_PH_RESTAURANT_099_V1,Ramen Kuroda,"Ramen Kuroda Philippines Kuro Chashumen, noodles extra pork and broth (estimate)","Kuro Chashumen, noodles extra pork and broth",https://www.kuroda.ph/menu,IDENTITY_ONLY_NOT_NUTRITION,MODEL_ASSUMPTIONS_NOT_BRAND_FACTS,Low,667.5,"Assumed noodles, pork and broth mixture. Water/milk/fat proxy tonkotsu emulsion, not actual ingredients. Includes all modeled broth; no standard bowl weight. Seasoning and fat vary substantially."
FC002309,EST_PH_RESTAURANT_100_V1,Ramen Kuroda,"Ramen Kuroda Philippines Aka Chashumen, noodles extra pork and broth (estimate)","Aka Chashumen, noodles extra pork and broth",https://www.kuroda.ph/menu,IDENTITY_ONLY_NOT_NUTRITION,MODEL_ASSUMPTIONS_NOT_BRAND_FACTS,Low,664.5,"Assumed noodles, pork and broth mixture. Water/milk/fat proxy tonkotsu emulsion, not actual ingredients. Includes all modeled broth; no standard bowl weight. Seasoning and fat vary substantially."
FC002310,EST_PH_RESTAURANT_101_V1,Ramen Kuroda,"Ramen Kuroda Philippines Tan Tan Men, noodles pork and broth (estimate)","Tan Tan Men, noodles pork and broth",https://www.kuroda.ph/menu,IDENTITY_ONLY_NOT_NUTRITION,MODEL_ASSUMPTIONS_NOT_BRAND_FACTS,Low,672.5,"Assumed noodles, pork and broth mixture. Water/milk/fat proxy tonkotsu emulsion, not actual ingredients. Includes all modeled broth; no standard bowl weight. Seasoning and fat vary substantially."
FC002311,EST_PH_RESTAURANT_102_V1,Ramen Kuroda,"Ramen Kuroda Philippines Curry Ramen, noodles pork and broth (estimate)","Curry Ramen, noodles pork and broth",https://www.kuroda.ph/menu,IDENTITY_ONLY_NOT_NUTRITION,MODEL_ASSUMPTIONS_NOT_BRAND_FACTS,Low,656.5,"Assumed noodles, pork and broth mixture. Water/milk/fat proxy tonkotsu emulsion, not actual ingredients. Includes all modeled broth; no standard bowl weight. Seasoning and fat vary substantially."
FC002312,EST_PH_RESTAURANT_103_V1,Ramen Kuroda,"Ramen Kuroda Philippines Chicken Karaage, chicken only (estimate)","Chicken Karaage, chicken only",https://www.kuroda.ph/menu,IDENTITY_ONLY_NOT_NUTRITION,MODEL_ASSUMPTIONS_NOT_BRAND_FACTS,Low,106,Generic fried white meat; exact starch coating and thigh mix unknown.
FC002313,EST_PH_RESTAURANT_104_V1,Ramen Kuroda,"Ramen Kuroda Philippines Chicken Nanban, chicken and sauce (estimate)","Chicken Nanban, chicken and sauce",https://www.kuroda.ph/menu,IDENTITY_ONLY_NOT_NUTRITION,MODEL_ASSUMPTIONS_NOT_BRAND_FACTS,Low,168,Assumed tartar-style mayonnaise and sweet sauce; rice excluded.
FC002314,EST_PH_RESTAURANT_105_V1,Ramen Kuroda,"Ramen Kuroda Philippines Gyoza, no dipping sauce (estimate)","Gyoza, no dipping sauce",https://www.kuroda.ph/menu,IDENTITY_ONLY_NOT_NUTRITION,MODEL_ASSUMPTIONS_NOT_BRAND_FACTS,Low,108,Cooked noodles proxy hydrated wrapper; assumed retained pan-frying oil.
FC002315,EST_PH_RESTAURANT_106_V1,Ramen Kuroda,"Ramen Kuroda Philippines Teriyaki Chicken, chicken and sauce only (estimate)","Teriyaki Chicken, chicken and sauce only",https://www.kuroda.ph/menu,IDENTITY_ONLY_NOT_NUTRITION,MODEL_ASSUMPTIONS_NOT_BRAND_FACTS,Low,120,Rice excluded; cooked chicken and assumed teriyaki sauce.
FC002316,EST_PH_RESTAURANT_107_V1,Ramen Nagi,"Ramen Nagi Philippines Butao Original King, noodles pork and broth (estimate)","Butao Original King, noodles pork and broth",https://n-nagi.com/english/,IDENTITY_ONLY_NOT_NUTRITION,MODEL_ASSUMPTIONS_NOT_BRAND_FACTS,Low,601.5,"Assumed noodles, pork and broth mixture. Water/milk/fat proxy tonkotsu emulsion, not actual ingredients. Includes all modeled broth; no standard bowl weight. Seasoning and fat vary substantially. Customizations, extra noodles and optional toppings excluded."
FC002317,EST_PH_RESTAURANT_108_V1,Ramen Nagi,"Ramen Nagi Philippines Akao Red King, noodles pork and broth (estimate)","Akao Red King, noodles pork and broth",https://n-nagi.com/english/,IDENTITY_ONLY_NOT_NUTRITION,MODEL_ASSUMPTIONS_NOT_BRAND_FACTS,Low,669.5,"Assumed noodles, pork and broth mixture. Water/milk/fat proxy tonkotsu emulsion, not actual ingredients. Includes all modeled broth; no standard bowl weight. Seasoning and fat vary substantially. Miso pork and chili additions assumed."
FC002318,EST_PH_RESTAURANT_109_V1,Ramen Nagi,"Ramen Nagi Philippines Kuroo Black King, noodles pork and broth (estimate)","Kuroo Black King, noodles pork and broth",https://n-nagi.com/english/,IDENTITY_ONLY_NOT_NUTRITION,MODEL_ASSUMPTIONS_NOT_BRAND_FACTS,Low,667.5,"Assumed noodles, pork and broth mixture. Water/milk/fat proxy tonkotsu emulsion, not actual ingredients. Includes all modeled broth; no standard bowl weight. Seasoning and fat vary substantially. Squid meat is a poor nutrient proxy for small ink quantity; exact ink unavailable."
FC002319,EST_PH_RESTAURANT_110_V1,Ramen Nagi,"Ramen Nagi Philippines Midorio Green King, noodles pork and broth (estimate)","Midorio Green King, noodles pork and broth",https://n-nagi.com/english/,IDENTITY_ONLY_NOT_NUTRITION,MODEL_ASSUMPTIONS_NOT_BRAND_FACTS,Low,636.5,"Assumed noodles, pork and broth mixture. Water/milk/fat proxy tonkotsu emulsion, not actual ingredients. Includes all modeled broth; no standard bowl weight. Seasoning and fat vary substantially. Corn oil proxies olive oil; basil and parmesan additions assumed."
