food_id,name,fnri_related_ids,existing_related_food_ids,decision,nutrition_status,identity_source_url
FC002720,"Poqui-poqui, eggplant and egg (Ilocos) (estimate)",,,Distinct brand or specified regional recipe model; existing source-qualified foods remain unchanged.,NOT_VERIFIED_EXPLICIT_ESTIMATE,https://app.philippines.travel/articles/intro-to-ilocos-norte
FC002721,"Dinengdeng, mixed vegetables with grilled milkfish (Ilocos) (estimate)",,,Distinct brand or specified regional recipe model; existing source-qualified foods remain unchanged.,NOT_VERIFIED_EXPLICIT_ESTIMATE,https://app.philippines.travel/articles/intro-to-ilocos-norte
FC002722,Bagnet with tomato and fish-paste relish (Ilocos) (estimate),,,Distinct brand or specified regional recipe model; existing source-qualified foods remain unchanged.,NOT_VERIFIED_EXPLICIT_ESTIMATE,https://app.philippines.travel/articles/intro-to-ilocos-norte
FC002723,"Pancit batil patung, beef-proxy noodles with egg and broth (Cagayan Valley) (estimate)",,,Distinct brand or specified regional recipe model; existing source-qualified foods remain unchanged.,NOT_VERIFIED_EXPLICIT_ESTIMATE,https://www.tourism.gov.ph/article/all-the-must-try-food-when-in-region-2/
FC002724,"Pancit Cabagan, pork noodles with egg and sauce (Cagayan Valley) (estimate)",,,Distinct brand or specified regional recipe model; existing source-qualified foods remain unchanged.,NOT_VERIFIED_EXPLICIT_ESTIMATE,https://mirror.pia.gov.ph/features/2023/07/21/pansit-batil-patung-remembering-how-it-all-began
FC002725,"Sinanta, mixed-noodle seafood soup (Cagayan Valley) (estimate)",,,Distinct brand or specified regional recipe model; existing source-qualified foods remain unchanged.,NOT_VERIFIED_EXPLICIT_ESTIMATE,https://www.tourism.gov.ph/article/all-the-must-try-food-when-in-region-2/
FC002726,"Patupat, sticky rice with sugarcane reduction (Cagayan Valley) (estimate)",,,Distinct brand or specified regional recipe model; existing source-qualified foods remain unchanged.,NOT_VERIFIED_EXPLICIT_ESTIMATE,https://www.tourism.gov.ph/article/all-the-must-try-food-when-in-region-2/
FC002727,"La Paz batchoy, pork-liver noodles and cracklings (Iloilo and Negros) (estimate)",,,Distinct brand or specified regional recipe model; existing source-qualified foods remain unchanged.,NOT_VERIFIED_EXPLICIT_ESTIMATE,https://pia.gov.ph/features/culinary-gem-iloilo-the-city-of-love-and-gastronomy/
FC002728,"Pancit Molo, pork-shrimp dumpling soup (Iloilo and Negros) (estimate)",R100,,Distinct brand or specified regional recipe model; existing source-qualified foods remain unchanged.,NOT_VERIFIED_EXPLICIT_ESTIMATE,https://pia.gov.ph/features/culinary-gem-iloilo-the-city-of-love-and-gastronomy/
FC002729,"KBL, kadyos baboy langka soup (Iloilo and Negros) (estimate)",,,Distinct brand or specified regional recipe model; existing source-qualified foods remain unchanged.,NOT_VERIFIED_EXPLICIT_ESTIMATE,https://pia.gov.ph/features/culinary-gem-iloilo-the-city-of-love-and-gastronomy/
FC002730,"Kansi, beef-shank and young-jackfruit soup (Iloilo and Negros) (estimate)",,,Distinct brand or specified regional recipe model; existing source-qualified foods remain unchanged.,NOT_VERIFIED_EXPLICIT_ESTIMATE,https://pia.gov.ph/features/culinary-gem-iloilo-the-city-of-love-and-gastronomy/
FC002731,"Pinangat, taro-leaf parcels with pork (Bicol) (estimate)",,,Distinct brand or specified regional recipe model; existing source-qualified foods remain unchanged.,NOT_VERIFIED_EXPLICIT_ESTIMATE,https://www.tourism.gov.ph/article/eating-through-region-5-a-taste-of-bicol-s-distinctive-cuisine-0/
FC002732,"Pinangat, taro-leaf parcels with fish (Bicol) (estimate)",,,Distinct brand or specified regional recipe model; existing source-qualified foods remain unchanged.,NOT_VERIFIED_EXPLICIT_ESTIMATE,https://www.tourism.gov.ph/article/eating-through-region-5-a-taste-of-bicol-s-distinctive-cuisine-0/
FC002733,"Kinalas, beef noodle soup with heart proxy (Bicol) (estimate)",,,Distinct brand or specified regional recipe model; existing source-qualified foods remain unchanged.,NOT_VERIFIED_EXPLICIT_ESTIMATE,https://www.tourism.gov.ph/article/eating-through-region-5-a-taste-of-bicol-s-distinctive-cuisine-0/
FC002734,"Sinantolan, santol and coconut milk (Bicol) (estimate)",,,Distinct brand or specified regional recipe model; existing source-qualified foods remain unchanged.,NOT_VERIFIED_EXPLICIT_ESTIMATE,https://www.tourism.gov.ph/article/eating-through-region-5-a-taste-of-bicol-s-distinctive-cuisine-0/
FC002735,"Kinunot, tuna and malunggay variant (Bicol) (estimate)",,,Distinct brand or specified regional recipe model; existing source-qualified foods remain unchanged.,NOT_VERIFIED_EXPLICIT_ESTIMATE,https://www.tourism.gov.ph/article/eating-through-region-5-a-taste-of-bicol-s-distinctive-cuisine-0/
FC002736,"Kinaluko, taro with coconut milk (Bicol) (estimate)",,,Distinct brand or specified regional recipe model; existing source-qualified foods remain unchanged.,NOT_VERIFIED_EXPLICIT_ESTIMATE,https://www.tourism.gov.ph/article/eating-through-region-5-a-taste-of-bicol-s-distinctive-cuisine-0/
FC002737,"Catandungan latik, rice cake with coconut-sugar topping (Bicol) (estimate)",,,Distinct brand or specified regional recipe model; existing source-qualified foods remain unchanged.,NOT_VERIFIED_EXPLICIT_ESTIMATE,https://www.tourism.gov.ph/article/eating-through-region-5-a-taste-of-bicol-s-distinctive-cuisine-0/
FC002738,"Pili ice cream, generic dairy variant (Bicol) (estimate)",,,Distinct brand or specified regional recipe model; existing source-qualified foods remain unchanged.,NOT_VERIFIED_EXPLICIT_ESTIMATE,https://www.tourism.gov.ph/article/eating-through-region-5-a-taste-of-bicol-s-distinctive-cuisine-0/
FC002739,"Pastil, rice with chicken kagikit (Mindanao) (estimate)",M017;M018;M019;M020,FC000956;FC000957;FC001849;FC001850,Distinct brand or specified regional recipe model; existing source-qualified foods remain unchanged.,NOT_VERIFIED_EXPLICIT_ESTIMATE,https://www.tourism.gov.ph/article/taste-the-philippines-through-its-halal-food-and-heritage-destinations/
FC002740,"Pastil, rice with fish kagikit (Mindanao) (estimate)",M017;M018;M019;M020,FC000956;FC000957;FC001849;FC001850,Distinct brand or specified regional recipe model; existing source-qualified foods remain unchanged.,NOT_VERIFIED_EXPLICIT_ESTIMATE,https://www.tourism.gov.ph/article/taste-the-philippines-through-its-halal-food-and-heritage-destinations/
FC002741,"Pastil, rice with beef kagikit (Mindanao) (estimate)",M017;M018;M019;M020,FC000956;FC000957;FC001849;FC001850,Distinct brand or specified regional recipe model; existing source-qualified foods remain unchanged.,NOT_VERIFIED_EXPLICIT_ESTIMATE,https://www.tourism.gov.ph/article/taste-the-philippines-through-its-halal-food-and-heritage-destinations/
FC002742,"Piaparan a manok, chicken-coconut mixture (Mindanao) (estimate)",,,Distinct brand or specified regional recipe model; existing source-qualified foods remain unchanged.,NOT_VERIFIED_EXPLICIT_ESTIMATE,https://www.tourism.gov.ph/article/taste-the-philippines-through-its-halal-food-and-heritage-destinations/
FC002743,"Linigid na manok, chicken in coconut milk (Mindanao) (estimate)",,,Distinct brand or specified regional recipe model; existing source-qualified foods remain unchanged.,NOT_VERIFIED_EXPLICIT_ESTIMATE,https://www.tourism.gov.ph/article/taste-the-philippines-through-its-halal-food-and-heritage-destinations/
FC002744,"Beef rendang, Mindanao coconut-spice variant (Mindanao) (estimate)",,,Distinct brand or specified regional recipe model; existing source-qualified foods remain unchanged.,NOT_VERIFIED_EXPLICIT_ESTIMATE,https://www.tourism.gov.ph/article/taste-the-philippines-through-its-halal-food-and-heritage-destinations/
FC002745,"Palapa, spring-onion ginger chili proxy (Mindanao) (estimate)",,,Distinct brand or specified regional recipe model; existing source-qualified foods remain unchanged.,NOT_VERIFIED_EXPLICIT_ESTIMATE,https://www.tourism.gov.ph/article/taste-the-philippines-through-its-halal-food-and-heritage-destinations/
FC002746,"Dodol, coconut sticky-rice sweet (Mindanao) (estimate)",,,Distinct brand or specified regional recipe model; existing source-qualified foods remain unchanged.,NOT_VERIFIED_EXPLICIT_ESTIMATE,https://www.tourism.gov.ph/article/taste-the-philippines-through-its-halal-food-and-heritage-destinations/
FC002747,"Pinikpikan, chicken soup with salted-pork proxy (Cordillera) (estimate)",,,Distinct brand or specified regional recipe model; existing source-qualified foods remain unchanged.,NOT_VERIFIED_EXPLICIT_ESTIMATE,https://www.pcaarrd.dost.gov.ph/index.php/quick-information-dispatch-qid-articles/etag-s-safety-requirements-recipes-and-packaging-tackled
FC002748,"Humba, home-style pork belly and sweet soy sauce (Visayas) (estimate)",R054,FC001041,Distinct brand or specified regional recipe model; existing source-qualified foods remain unchanged.,NOT_VERIFIED_EXPLICIT_ESTIMATE,https://www.evsu.edu.ph/wp-content/uploads/2024/07/PBD-2024-07-14-1.pdf
FC002749,"Bam-i, mixed noodles with pork and shrimp (Visayas) (estimate)",,,Distinct brand or specified regional recipe model; existing source-qualified foods remain unchanged.,NOT_VERIFIED_EXPLICIT_ESTIMATE,https://www.evsu.edu.ph/wp-content/uploads/2024/07/PBD-2024-07-14-1.pdf
FC002750,Gerry's Grill Philippines Calamares (estimate),,,Distinct brand or specified regional recipe model; existing source-qualified foods remain unchanged.,NOT_VERIFIED_EXPLICIT_ESTIMATE,https://gerrysgrill.com/PH
FC002751,Gerry's Grill Philippines Crispy Kangkong (estimate),,,Distinct brand or specified regional recipe model; existing source-qualified foods remain unchanged.,NOT_VERIFIED_EXPLICIT_ESTIMATE,https://gerrysgrill.com/PH
FC002752,Gerry's Grill Philippines Lumpiang Shanghai (estimate),R103,,Distinct brand or specified regional recipe model; existing source-qualified foods remain unchanged.,NOT_VERIFIED_EXPLICIT_ESTIMATE,https://gerrysgrill.com/PH
FC002753,Gerry's Grill Philippines Tokwat Lechon Kawali (estimate),,,Distinct brand or specified regional recipe model; existing source-qualified foods remain unchanged.,NOT_VERIFIED_EXPLICIT_ESTIMATE,https://gerrysgrill.com/PH
FC002754,Gerry's Grill Philippines Chili Cheese Sticks (estimate),,,Distinct brand or specified regional recipe model; existing source-qualified foods remain unchanged.,NOT_VERIFIED_EXPLICIT_ESTIMATE,https://gerrysgrill.com/PH
FC002755,Gerry's Grill Philippines Garlic Adobo Shreds (estimate),,,Distinct brand or specified regional recipe model; existing source-qualified foods remain unchanged.,NOT_VERIFIED_EXPLICIT_ESTIMATE,https://gerrysgrill.com/PH
FC002756,Gerry's Grill Philippines Sinigang na Baboy (estimate),,FC001269;FC001270,Distinct brand or specified regional recipe model; existing source-qualified foods remain unchanged.,NOT_VERIFIED_EXPLICIT_ESTIMATE,https://gerrysgrill.com/PH
FC002757,Gerry's Grill Philippines Sinigang na Boneless Bangus (estimate),,,Distinct brand or specified regional recipe model; existing source-qualified foods remain unchanged.,NOT_VERIFIED_EXPLICIT_ESTIMATE,https://gerrysgrill.com/PH
FC002758,Gerry's Grill Philippines Sinigang na Hipon (estimate),,FC001271,Distinct brand or specified regional recipe model; existing source-qualified foods remain unchanged.,NOT_VERIFIED_EXPLICIT_ESTIMATE,https://gerrysgrill.com/PH
FC002759,Gerry's Grill Philippines Nilagang Bulalo (estimate),,,Distinct brand or specified regional recipe model; existing source-qualified foods remain unchanged.,NOT_VERIFIED_EXPLICIT_ESTIMATE,https://gerrysgrill.com/PH
FC002760,Gerry's Grill Philippines Ampalaya Guisado (estimate),,,Distinct brand or specified regional recipe model; existing source-qualified foods remain unchanged.,NOT_VERIFIED_EXPLICIT_ESTIMATE,https://gerrysgrill.com/PH
FC002761,Gerry's Grill Philippines Chopsuey (estimate),R099,,Distinct brand or specified regional recipe model; existing source-qualified foods remain unchanged.,NOT_VERIFIED_EXPLICIT_ESTIMATE,https://gerrysgrill.com/PH
FC002762,Gerry's Grill Philippines Ginataang Gulay (estimate),,,Distinct brand or specified regional recipe model; existing source-qualified foods remain unchanged.,NOT_VERIFIED_EXPLICIT_ESTIMATE,https://gerrysgrill.com/PH
FC002763,Gerry's Grill Philippines Pinakbet (estimate),,FC001278;FC001279,Distinct brand or specified regional recipe model; existing source-qualified foods remain unchanged.,NOT_VERIFIED_EXPLICIT_ESTIMATE,https://gerrysgrill.com/PH
FC002764,Gerry's Grill Philippines Tortang Talong (estimate),,FC001289;FC001290,Distinct brand or specified regional recipe model; existing source-qualified foods remain unchanged.,NOT_VERIFIED_EXPLICIT_ESTIMATE,https://gerrysgrill.com/PH
FC002765,Gerry's Grill Philippines Inihaw na Pusit (estimate),,,Distinct brand or specified regional recipe model; existing source-qualified foods remain unchanged.,NOT_VERIFIED_EXPLICIT_ESTIMATE,https://gerrysgrill.com/PH
FC002766,Gerry's Grill Philippines Sizzling Bangus Sisig (estimate),,,Distinct brand or specified regional recipe model; existing source-qualified foods remain unchanged.,NOT_VERIFIED_EXPLICIT_ESTIMATE,https://gerrysgrill.com/PH
FC002767,Gerry's Grill Philippines Sizzling Gambas (estimate),,,Distinct brand or specified regional recipe model; existing source-qualified foods remain unchanged.,NOT_VERIFIED_EXPLICIT_ESTIMATE,https://gerrysgrill.com/PH
FC002768,Gerry's Grill Philippines Chicken Kebab (estimate),,,Distinct brand or specified regional recipe model; existing source-qualified foods remain unchanged.,NOT_VERIFIED_EXPLICIT_ESTIMATE,https://gerrysgrill.com/PH
FC002769,Gerry's Grill Philippines Garlic Mushroom Chicken (estimate),,,Distinct brand or specified regional recipe model; existing source-qualified foods remain unchanged.,NOT_VERIFIED_EXPLICIT_ESTIMATE,https://gerrysgrill.com/PH
FC002770,Gerry's Grill Philippines Classic Fried Chicken (estimate),,,Distinct brand or specified regional recipe model; existing source-qualified foods remain unchanged.,NOT_VERIFIED_EXPLICIT_ESTIMATE,https://gerrysgrill.com/PH
FC002771,Gerry's Grill Philippines Pancit Bihon (estimate),,FC000014;FC001300;FC001301,Distinct brand or specified regional recipe model; existing source-qualified foods remain unchanged.,NOT_VERIFIED_EXPLICIT_ESTIMATE,https://gerrysgrill.com/PH
FC002772,Gerry's Grill Philippines Pancit Canton (estimate),,FC000015;FC002296,Distinct brand or specified regional recipe model; existing source-qualified foods remain unchanged.,NOT_VERIFIED_EXPLICIT_ESTIMATE,https://gerrysgrill.com/PH
FC002773,Gerry's Grill Philippines Pancit Palabok (estimate),,,Distinct brand or specified regional recipe model; existing source-qualified foods remain unchanged.,NOT_VERIFIED_EXPLICIT_ESTIMATE,https://gerrysgrill.com/PH
FC002774,Gerry's Grill Philippines Banana con Leche (estimate),,,Distinct brand or specified regional recipe model; existing source-qualified foods remain unchanged.,NOT_VERIFIED_EXPLICIT_ESTIMATE,https://gerrysgrill.com/PH
FC002775,Max's Restaurant Philippines Fried Chicken (estimate),F112,FC001796;FC001797;FC002291,Distinct brand or specified regional recipe model; existing source-qualified foods remain unchanged.,NOT_VERIFIED_EXPLICIT_ESTIMATE,https://delivery.maxschicken.com/
FC002776,Max's Restaurant Philippines Crispy Pata (estimate),,,Distinct brand or specified regional recipe model; existing source-qualified foods remain unchanged.,NOT_VERIFIED_EXPLICIT_ESTIMATE,https://delivery.maxschicken.com/
FC002777,Max's Restaurant Philippines All Beef Kare-Kare (estimate),,,Distinct brand or specified regional recipe model; existing source-qualified foods remain unchanged.,NOT_VERIFIED_EXPLICIT_ESTIMATE,https://delivery.maxschicken.com/
FC002778,Max's Restaurant Philippines Sizzling Tofu (estimate),,,Distinct brand or specified regional recipe model; existing source-qualified foods remain unchanged.,NOT_VERIFIED_EXPLICIT_ESTIMATE,https://delivery.maxschicken.com/
FC002779,Max's Restaurant Philippines Lumpiang Shanghai (estimate),R103,,Distinct brand or specified regional recipe model; existing source-qualified foods remain unchanged.,NOT_VERIFIED_EXPLICIT_ESTIMATE,https://delivery.maxschicken.com/
FC002780,Max's Restaurant Philippines Chicken Sisig (estimate),,,Distinct brand or specified regional recipe model; existing source-qualified foods remain unchanged.,NOT_VERIFIED_EXPLICIT_ESTIMATE,https://delivery.maxschicken.com/
FC002781,Max's Restaurant Philippines Sizzling Crispy Pork Sisig (estimate),,,Distinct brand or specified regional recipe model; existing source-qualified foods remain unchanged.,NOT_VERIFIED_EXPLICIT_ESTIMATE,https://delivery.maxschicken.com/
FC002782,Max's Restaurant Philippines Sinigang na Tiyan ng Bangus (estimate),,,Distinct brand or specified regional recipe model; existing source-qualified foods remain unchanged.,NOT_VERIFIED_EXPLICIT_ESTIMATE,https://delivery.maxschicken.com/
FC002783,Max's Restaurant Philippines Sinigang na Tiyan ng Bangus sa Miso (estimate),,,Distinct brand or specified regional recipe model; existing source-qualified foods remain unchanged.,NOT_VERIFIED_EXPLICIT_ESTIMATE,https://delivery.maxschicken.com/
FC002784,Max's Restaurant Philippines Sinigang na Baboy (estimate),,FC001269;FC001270,Distinct brand or specified regional recipe model; existing source-qualified foods remain unchanged.,NOT_VERIFIED_EXPLICIT_ESTIMATE,https://delivery.maxschicken.com/
FC002785,Max's Restaurant Philippines Sinigang na Hipon (estimate),,FC001271,Distinct brand or specified regional recipe model; existing source-qualified foods remain unchanged.,NOT_VERIFIED_EXPLICIT_ESTIMATE,https://delivery.maxschicken.com/
FC002786,Max's Restaurant Philippines Lechon Kawali Kare-kare (estimate),,,Distinct brand or specified regional recipe model; existing source-qualified foods remain unchanged.,NOT_VERIFIED_EXPLICIT_ESTIMATE,https://delivery.maxschicken.com/
FC002787,Max's Restaurant Philippines Vegetable Kare-Kare (estimate),,,Distinct brand or specified regional recipe model; existing source-qualified foods remain unchanged.,NOT_VERIFIED_EXPLICIT_ESTIMATE,https://delivery.maxschicken.com/
FC002788,Max's Restaurant Philippines Seafood Kare-Kare (estimate),,,Distinct brand or specified regional recipe model; existing source-qualified foods remain unchanged.,NOT_VERIFIED_EXPLICIT_ESTIMATE,https://delivery.maxschicken.com/
FC002789,Max's Restaurant Philippines Chopsuey (estimate),R099,,Distinct brand or specified regional recipe model; existing source-qualified foods remain unchanged.,NOT_VERIFIED_EXPLICIT_ESTIMATE,https://delivery.maxschicken.com/
FC002790,Max's Restaurant Philippines Lechon Kawali (estimate),,,Distinct brand or specified regional recipe model; existing source-qualified foods remain unchanged.,NOT_VERIFIED_EXPLICIT_ESTIMATE,https://delivery.maxschicken.com/
FC002791,Max's Restaurant Philippines Pocherong Baka (estimate),,,Distinct brand or specified regional recipe model; existing source-qualified foods remain unchanged.,NOT_VERIFIED_EXPLICIT_ESTIMATE,https://delivery.maxschicken.com/
FC002792,Max's Restaurant Philippines Bulalo (estimate),,,Distinct brand or specified regional recipe model; existing source-qualified foods remain unchanged.,NOT_VERIFIED_EXPLICIT_ESTIMATE,https://delivery.maxschicken.com/
FC002793,Max's Restaurant Philippines Beef Caldereta (estimate),R027,FC000631;FC001297,Distinct brand or specified regional recipe model; existing source-qualified foods remain unchanged.,NOT_VERIFIED_EXPLICIT_ESTIMATE,https://delivery.maxschicken.com/
FC002794,Max's Restaurant Philippines Sweet and Sour Fish Fillet (estimate),,,Distinct brand or specified regional recipe model; existing source-qualified foods remain unchanged.,NOT_VERIFIED_EXPLICIT_ESTIMATE,https://delivery.maxschicken.com/
FC002795,Max's Restaurant Philippines Boneless Bangus (estimate),,,Distinct brand or specified regional recipe model; existing source-qualified foods remain unchanged.,NOT_VERIFIED_EXPLICIT_ESTIMATE,https://delivery.maxschicken.com/
FC002796,Max's Restaurant Philippines Pinakbet (estimate),,FC001278;FC001279,Distinct brand or specified regional recipe model; existing source-qualified foods remain unchanged.,NOT_VERIFIED_EXPLICIT_ESTIMATE,https://delivery.maxschicken.com/
FC002797,Max's Restaurant Philippines Pancit Canton (estimate),,FC000015;FC002296,Distinct brand or specified regional recipe model; existing source-qualified foods remain unchanged.,NOT_VERIFIED_EXPLICIT_ESTIMATE,https://delivery.maxschicken.com/
FC002798,Max's Restaurant Philippines Pancit Bam-I (estimate),,,Distinct brand or specified regional recipe model; existing source-qualified foods remain unchanged.,NOT_VERIFIED_EXPLICIT_ESTIMATE,https://delivery.maxschicken.com/
FC002799,Max's Restaurant Philippines Arroz Caldo (estimate),R011,FC000624;FC001304,Distinct brand or specified regional recipe model; existing source-qualified foods remain unchanged.,NOT_VERIFIED_EXPLICIT_ESTIMATE,https://delivery.maxschicken.com/
FC002800,Giligan's Philippines Kare-kare Gulay (estimate),,,Distinct brand or specified regional recipe model; existing source-qualified foods remain unchanged.,NOT_VERIFIED_EXPLICIT_ESTIMATE,https://delivery.giligansrestaurant.com/collections/all
FC002801,Giligan's Philippines Fried Chicken (estimate),F112,FC001796;FC001797;FC002291,Distinct brand or specified regional recipe model; existing source-qualified foods remain unchanged.,NOT_VERIFIED_EXPLICIT_ESTIMATE,https://delivery.giligansrestaurant.com/collections/all
FC002802,Giligan's Philippines Bangus Salpicao (estimate),,,Distinct brand or specified regional recipe model; existing source-qualified foods remain unchanged.,NOT_VERIFIED_EXPLICIT_ESTIMATE,https://delivery.giligansrestaurant.com/collections/all
FC002803,Giligan's Philippines Beef Caldereta (estimate),R027,FC000631;FC001297,Distinct brand or specified regional recipe model; existing source-qualified foods remain unchanged.,NOT_VERIFIED_EXPLICIT_ESTIMATE,https://delivery.giligansrestaurant.com/collections/all
FC002804,Giligan's Philippines Bihon Guisado (estimate),,,Distinct brand or specified regional recipe model; existing source-qualified foods remain unchanged.,NOT_VERIFIED_EXPLICIT_ESTIMATE,https://delivery.giligansrestaurant.com/collections/all
FC002805,Giligan's Philippines Binagoongang Kangkong (estimate),,,Distinct brand or specified regional recipe model; existing source-qualified foods remain unchanged.,NOT_VERIFIED_EXPLICIT_ESTIMATE,https://delivery.giligansrestaurant.com/collections/all
FC002806,Giligan's Philippines Binagoongang Lechon Kawali (estimate),,,Distinct brand or specified regional recipe model; existing source-qualified foods remain unchanged.,NOT_VERIFIED_EXPLICIT_ESTIMATE,https://delivery.giligansrestaurant.com/collections/all
FC002807,Giligan's Philippines Binagoongang Talong (estimate),,,Distinct brand or specified regional recipe model; existing source-qualified foods remain unchanged.,NOT_VERIFIED_EXPLICIT_ESTIMATE,https://delivery.giligansrestaurant.com/collections/all
FC002808,Giligan's Philippines Boneless Cajun Chicken (estimate),,,Distinct brand or specified regional recipe model; existing source-qualified foods remain unchanged.,NOT_VERIFIED_EXPLICIT_ESTIMATE,https://delivery.giligansrestaurant.com/collections/all
FC002809,Giligan's Philippines Boneless Chicken BBQ (estimate),,,Distinct brand or specified regional recipe model; existing source-qualified foods remain unchanged.,NOT_VERIFIED_EXPLICIT_ESTIMATE,https://delivery.giligansrestaurant.com/collections/all
FC002810,Giligan's Philippines Boneless Chicken Inasal (estimate),,,Distinct brand or specified regional recipe model; existing source-qualified foods remain unchanged.,NOT_VERIFIED_EXPLICIT_ESTIMATE,https://delivery.giligansrestaurant.com/collections/all
FC002811,Giligan's Philippines Boneless Chicken Teriyaki (estimate),,,Distinct brand or specified regional recipe model; existing source-qualified foods remain unchanged.,NOT_VERIFIED_EXPLICIT_ESTIMATE,https://delivery.giligansrestaurant.com/collections/all
FC002812,Giligan's Philippines Boneless Garlic Chicken (estimate),,,Distinct brand or specified regional recipe model; existing source-qualified foods remain unchanged.,NOT_VERIFIED_EXPLICIT_ESTIMATE,https://delivery.giligansrestaurant.com/collections/all
FC002813,Giligan's Philippines Boneless Soy Honey Chicken (estimate),,,Distinct brand or specified regional recipe model; existing source-qualified foods remain unchanged.,NOT_VERIFIED_EXPLICIT_ESTIMATE,https://delivery.giligansrestaurant.com/collections/all
FC002814,Giligan's Philippines Boneless Sweet and Spicy Chicken (estimate),,,Distinct brand or specified regional recipe model; existing source-qualified foods remain unchanged.,NOT_VERIFIED_EXPLICIT_ESTIMATE,https://delivery.giligansrestaurant.com/collections/all
FC002815,Giligan's Philippines Bulalo Soup (estimate),,,Distinct brand or specified regional recipe model; existing source-qualified foods remain unchanged.,NOT_VERIFIED_EXPLICIT_ESTIMATE,https://delivery.giligansrestaurant.com/collections/all
FC002816,Giligan's Philippines Cajun Shrimp (estimate),,,Distinct brand or specified regional recipe model; existing source-qualified foods remain unchanged.,NOT_VERIFIED_EXPLICIT_ESTIMATE,https://delivery.giligansrestaurant.com/collections/all
FC002817,Giligan's Philippines Calamares Fritos (estimate),,,Distinct brand or specified regional recipe model; existing source-qualified foods remain unchanged.,NOT_VERIFIED_EXPLICIT_ESTIMATE,https://delivery.giligansrestaurant.com/collections/all
FC002818,Giligan's Philippines Canton Guisado (estimate),,,Distinct brand or specified regional recipe model; existing source-qualified foods remain unchanged.,NOT_VERIFIED_EXPLICIT_ESTIMATE,https://delivery.giligansrestaurant.com/collections/all
FC002819,Giligan's Philippines Chopsuey (estimate),R099,,Distinct brand or specified regional recipe model; existing source-qualified foods remain unchanged.,NOT_VERIFIED_EXPLICIT_ESTIMATE,https://delivery.giligansrestaurant.com/collections/all
